종목코드,종목명,시장구분,시가총액(억)
005930,삼성전자,KOSPI,12715655
000660,SK하이닉스,KOSPI,8231712
005935,삼성전자우,KOSPI,1195533
005380,현대차,KOSPI,1093406
373220,LG에너지솔루션,KOSPI,973440
402340,SK스퀘어,KOSPI,910512
012450,한화에어로스페이스,KOSPI,783248
207940,삼성바이오로직스,KOSPI,748061
034020,두산에너빌리티,KOSPI,709741
000270,기아,KOSPI,616462
105560,KB금융,KOSPI,605136
329180,HD현대중공업,KOSPI,517983
032830,삼성생명,KOSPI,516000
028260,삼성물산,KOSPI,496237
009150,삼성전기,KOSPI,477292
055550,신한지주,KOSPI,474179
068270,셀트리온,KOSPI,463850
042660,한화오션,KOSPI,404159
006800,미래에셋증권,KOSPI,395940
267260,HD현대일렉트릭,KOSPI,391111
012330,현대모비스,KOSPI,387428
006400,삼성SDI,KOSPI,385601
010130,고려아연,KOSPI,353588
035420,NAVER,KOSPI,342723
086790,하나금융지주,KOSPI,340949
015760,한국전력,KOSPI,294019
005490,POSCO홀딩스,KOSPI,293193
009540,HD한국조선해양,KOSPI,288754
010120,LS ELECTRIC,KOSPI,282900
298040,효성중공업,KOSPI,278803
042700,한미반도체,KOSPI,278311
034730,SK,KOSPI,268985
316140,우리금융지주,KOSPI,261698
010140,삼성중공업,KOSPI,252560
051910,LG화학,KOSPI,252367
272210,한화시스템,KOSPI,248995
064350,현대로템,KOSPI,234655
000810,삼성화재,KOSPI,225454
035720,카카오,KOSPI,224158
000150,두산,KOSPI,216187
096770,SK이노베이션,KOSPI,213851
017670,SK텔레콤,KOSPI,205983
066570,LG전자,KOSPI,205236
267250,HD현대,KOSPI,204592
086520,에코프로,KOSDAQ GLOBAL,202578
138040,메리츠금융지주,KOSPI,200942
247540,에코프로비엠,KOSDAQ GLOBAL,200552
011200,HMM,KOSPI,199966
000720,현대건설,KOSPI,199883
003670,포스코퓨처엠,KOSPI,198794
196170,알테오젠,KOSDAQ GLOBAL,197807
033780,KT&G,KOSPI,196097
079550,LIG디펜스앤에어로스페이스,KOSPI,194260
047810,한국항공우주,KOSPI,185105
024110,기업은행,KOSPI,182211
086280,현대글로비스,KOSPI,171750
030200,KT,KOSPI,160285
278470,에이피알,KOSPI,155181
0126Z0,삼성에피스홀딩스,KOSPI,151537
018260,삼성에스디에스,KOSPI,147791
003550,LG,KOSPI,144659
071050,한국금융지주,KOSPI,143215
010950,S-Oil,KOSPI,132960
047050,포스코인터내셔널,KOSPI,128071
005940,NH투자증권,KOSPI,125433
323410,카카오뱅크,KOSPI,122381
259960,크래프톤,KOSPI,121596
039490,키움증권,KOSPI,120442
307950,현대오토에버,KOSPI,119842
277810,레인보우로보틱스,KOSDAQ,119503
000250,삼천당제약,KOSDAQ,118460
005830,DB손해보험,KOSPI,117952
047040,대우건설,KOSPI,117519
352820,하이브,KOSPI,115514
006260,LS,KOSPI,104208
003230,삼양식품,KOSPI,103126
000880,한화,KOSPI,100144
028050,삼성E&A,KOSPI,98784
016360,삼성증권,KOSPI,98765
003490,대한항공,KOSPI,92791
950160,코오롱티슈진,KOSDAQ,92108
298380,에이비엘바이오,KOSDAQ,91763
007660,이수페타시스,KOSPI,90073
011070,LG이노텍,KOSPI,89698
058470,리노공업,KOSDAQ GLOBAL,87643
005387,현대차2우B,KOSPI,87584
028300,HLB,KOSDAQ,84805
326030,SK바이오팜,KOSPI,83325
443060,HD현대마린솔루션,KOSPI,81503
001440,대한전선,KOSPI,78494
180640,한진칼,KOSPI,78245
090430,아모레퍼시픽,KOSPI,77912
000100,유한양행,KOSPI,77815
267270,HD건설기계,KOSPI,76614
009830,한화솔루션,KOSPI,76148
377300,카카오페이,KOSPI,75196
161390,한국타이어앤테크놀로지,KOSPI,74820
032640,LG유플러스,KOSPI,73629
141080,리가켐바이오,KOSDAQ GLOBAL,72488
052690,한전기술,KOSPI,72274
034220,LG디스플레이,KOSPI,69150
066970,엘앤에프,KOSPI,68351
078930,GS,KOSPI,67828
241560,두산밥캣,KOSPI,67674
128940,한미약품,KOSPI,67642
064400,LG씨엔에스,KOSPI,65010
029780,삼성카드,KOSPI,63374
087010,펩트론,KOSDAQ,62490
001040,CJ,KOSPI,62292
454910,두산로보틱스,KOSPI,60995
138930,BNK금융지주,KOSPI,59427
240810,원익IPS,KOSDAQ GLOBAL,59342
005385,현대차우,KOSPI,59286
021240,코웨이,KOSPI,58949
175330,JB금융지주,KOSPI,58452
039030,이오테크닉스,KOSDAQ GLOBAL,58209
062040,산일전기,KOSPI,57863
036570,NC,KOSPI,57414
010060,OCI홀딩스,KOSPI,56010
310210,보로노이,KOSDAQ,55390
088980,맥쿼리인프라,KOSPI,54644
271560,오리온,KOSPI,54441
214370,케어젠,KOSDAQ,53231
004020,현대제철,KOSPI,53044
450080,에코프로머티,KOSPI,50590
022100,포스코DX,KOSPI,50551
002380,KCC,KOSPI,49764
095340,ISC,KOSDAQ GLOBAL,47057
011790,SKC,KOSPI,46199
353200,대덕전자,KOSPI,46105
000990,DB하이텍,KOSPI,45027
088350,한화생명,KOSPI,43252
251270,넷마블,KOSPI,42537
018880,한온시스템,KOSPI,41922
103590,일진전기,KOSPI,41104
489790,한화비전,KOSPI,40289
082740,한화엔진,KOSPI,40221
108490,로보티즈,KOSDAQ,39782
032820,우리기술,KOSDAQ,39523
017800,현대엘리베이터,KOSPI,38896
051900,LG생활건강,KOSPI,38791
375500,DL이앤씨,KOSPI,38306
011170,롯데케미칼,KOSPI,38198
111770,영원무역,KOSPI,37576
214150,클래시스,KOSDAQ GLOBAL,37575
226950,올릭스,KOSDAQ,37089
035250,강원랜드,KOSPI,36669
403870,HPSP,KOSDAQ GLOBAL,36335
012510,더존비즈온,KOSPI,36261
004170,신세계,KOSPI,36217
097950,CJ제일제당,KOSPI,35753
347850,디앤디파마텍,KOSDAQ,35744
263750,펄어비스,KOSDAQ GLOBAL,35529
043260,성호전자,KOSDAQ,35355
302440,SK바이오사이언스,KOSPI,35030
012750,에스원,KOSPI,34883
011780,금호석유화학,KOSPI,34641
031210,서울보증보험,KOSPI,34491
319400,현대무벡스,KOSDAQ,34470
023530,롯데쇼핑,KOSPI,34427
439260,대한조선,KOSPI,34365
001720,신영증권,KOSPI,34277
064760,티씨케이,KOSDAQ GLOBAL,33985
006360,GS건설,KOSPI,33847
036930,주성엔지니어링,KOSDAQ GLOBAL,33605
357780,솔브레인,KOSDAQ GLOBAL,33564
036460,한국가스공사,KOSPI,33463
0009K0,에임드바이오,KOSDAQ,33176
014680,한솔케미칼,KOSPI,32405
145020,휴젤,KOSDAQ GLOBAL,32236
214450,파마리서치,KOSDAQ GLOBAL,32207
457190,이수스페셜티케미컬,KOSPI,31185
084370,유진테크,KOSDAQ,30913
237690,에스티팜,KOSDAQ GLOBAL,30566
028670,팬오션,KOSPI,30203
083650,비에이치아이,KOSDAQ,30139
336260,두산퓨얼셀,KOSPI,30127
139130,iM금융지주,KOSPI,30052
178320,서진시스템,KOSDAQ,29738
005290,동진쎄미켐,KOSDAQ,29203
004990,롯데지주,KOSPI,29101
009970,영원무역홀딩스,KOSPI,29090
071970,HD현대마린엔진,KOSPI,29002
440110,파두,KOSDAQ,28843
085620,미래에셋생명,KOSPI,28793
00680K,미래에셋증권2우B,KOSPI,28733
257720,실리콘투,KOSDAQ,28689
103140,풍산,KOSPI,28612
139480,이마트,KOSPI,28561
476830,알지노믹스,KOSDAQ,28494
222800,심텍,KOSDAQ GLOBAL,28417
112610,씨에스윈드,KOSPI,28086
005850,에스엘,KOSPI,27962
140410,메지온,KOSDAQ,27869
026960,동서,KOSPI,27567
008930,한미사이언스,KOSPI,27459
001450,현대해상,KOSPI,27267
051600,한전KPS,KOSPI,26910
031980,피에스케이홀딩스,KOSDAQ,26607
004800,효성,KOSPI,26315
120110,코오롱인더,KOSPI,26202
017960,한국카본,KOSPI,26096
279570,케이뱅크,KOSPI,25842
319660,피에스케이,KOSDAQ GLOBAL,25838
082920,비츠로셀,KOSDAQ,25616
020150,롯데에너지머티리얼즈,KOSPI,25580
009420,한올바이오파마,KOSPI,25571
383220,F&F,KOSPI,25550
068760,셀트리온제약,KOSDAQ,25511
001430,세아베스틸지주,KOSPI,25282
058610,에스피지,KOSDAQ,25282
204320,HL만도,KOSPI,25028
097230,HJ중공업,KOSPI,24831
218410,RFHIC,KOSDAQ,24800
000240,한국앤컴퍼니,KOSPI,24113
000120,CJ대한통운,KOSPI,24067
030530,원익홀딩스,KOSDAQ,23750
282330,BGF리테일,KOSPI,23748
003690,코리안리,KOSPI,23729
000500,가온전선,KOSPI,23573
483650,달바글로벌,KOSPI,23386
010170,대한광통신,KOSDAQ,23353
004370,농심,KOSPI,23205
011210,현대위아,KOSPI,23197
347700,스피어,KOSDAQ,23116
192820,코스맥스,KOSPI,23096
067310,하나마이크론,KOSDAQ,23029
081660,미스토홀딩스,KOSPI,22882
030000,제일기획,KOSPI,22801
005440,현대지에프홀딩스,KOSPI,22746
018670,SK가스,KOSPI,22743
035900,JYP Ent.,KOSDAQ GLOBAL,22385
041510,에스엠,KOSDAQ GLOBAL,22207
007810,코리아써키트,KOSPI,21944
007340,DN오토모티브,KOSPI,21853
000155,두산우,KOSPI,21780
023590,다우기술,KOSPI,21686
039200,오스코텍,KOSDAQ,21654
298020,효성티앤씨,KOSPI,21638
002790,아모레퍼시픽홀딩스,KOSPI,21370
089030,테크윙,KOSDAQ,21268
101490,에스앤에스텍,KOSDAQ,21121
008770,호텔신라,KOSPI,21115
069960,현대백화점,KOSPI,20637
078600,대주전자재료,KOSDAQ,20574
100790,미래에셋벤처투자,KOSDAQ,20559
098460,고영,KOSDAQ,20321
395400,SK리츠,KOSPI,20047
161890,한국콜마,KOSPI,19946
462870,시프트업,KOSPI,19877
007070,GS리테일,KOSPI,19814
131970,두산테스나,KOSDAQ GLOBAL,19423
361610,SK아이이테크놀로지,KOSPI,19342
001120,LX인터내셔널,KOSPI,19302
003540,대신증권,KOSPI,19294
099320,쎄트렉아이,KOSDAQ,19066
475150,SK이터닉스,KOSPI,18804
003570,SNT다이내믹스,KOSPI,18721
475830,오름테라퓨틱,KOSDAQ,18663
005070,코스모신소재,KOSPI,18334
290650,엘앤씨바이오,KOSDAQ,18262
322000,HD현대에너지솔루션,KOSPI,18244
069620,대웅제약,KOSPI,18132
323280,태성,KOSDAQ,18047
140860,파크시스템스,KOSDAQ GLOBAL,17948
038500,삼표시멘트,KOSDAQ,17698
073240,금호타이어,KOSPI,17609
006280,녹십자,KOSPI,17483
006040,동원산업,KOSPI,17460
095610,테스,KOSDAQ,17385
229640,LS에코에너지,KOSPI,17303
060370,LS마린솔루션,KOSDAQ,16873
085660,차바이오텍,KOSDAQ,16808
065350,신성델타테크,KOSDAQ,16710
131290,티에스이,KOSDAQ,16536
458870,씨어스,KOSDAQ,16460
232140,와이씨,KOSDAQ,16400
437730,삼현,KOSDAQ,16297
012630,HDC,KOSPI,16279
127120,제이에스링크,KOSDAQ,16265
376900,로킷헬스케어,KOSDAQ,16242
003530,한화투자증권,KOSPI,16198
183300,코미코,KOSDAQ GLOBAL,15795
001800,오리온홀딩스,KOSPI,15598
294870,IPARK현대산업개발,KOSPI,15587
491000,리브스메드,KOSDAQ,15545
445680,큐리옥스바이오시스템즈,KOSDAQ,15527
417200,LS머트리얼즈,KOSDAQ,15390
030610,교보증권,KOSPI,15134
032350,롯데관광개발,KOSPI,15132
003380,하림지주,KOSDAQ GLOBAL,15131
195940,HK이노엔,KOSDAQ GLOBAL,14986
080220,제주반도체,KOSDAQ,14965
100090,SK오션플랜트,KOSPI,14963
020560,아시아나항공,KOSPI,14893
007310,오뚜기,KOSPI,14889
034230,파라다이스,KOSPI,14746
388210,씨엠티엑스,KOSDAQ,14529
189300,인텔리안테크,KOSDAQ,14495
003240,태광산업,KOSPI,14373
281740,레이크머티리얼즈,KOSDAQ,14329
166090,하나머티리얼즈,KOSDAQ GLOBAL,14239
115180,큐리언트,KOSDAQ,14170
397030,에이프릴바이오,KOSDAQ,14168
004000,롯데정밀화학,KOSPI,13957
082640,동양생명,KOSPI,13909
330590,롯데리츠,KOSPI,13856
003090,대웅,KOSPI,13837
090710,휴림로봇,KOSDAQ,13785
213420,덕산네오룩스,KOSDAQ GLOBAL,13756
077970,STX엔진,KOSPI,13590
048410,현대바이오,KOSDAQ,13317
000210,DL,KOSPI,13306
181710,NHN,KOSPI,13297
027360,아주IB투자,KOSDAQ,13289
007390,네이처셀,KOSDAQ,13273
051915,LG화학우,KOSPI,13132
096530,씨젠,KOSDAQ,13004
300720,한일시멘트,KOSPI,12833
160190,하이젠알앤엠,KOSDAQ,12710
137400,피엔티,KOSDAQ GLOBAL,12556
185750,종근당,KOSPI,12491
032500,케이엠더블유,KOSDAQ,12489
124500,아이티센글로벌,KOSDAQ,12414
490470,세미파이브,KOSDAQ,12375
000080,하이트진로,KOSPI,12273
089970,브이엠,KOSDAQ,12254
001740,SK네트웍스,KOSPI,12192
035760,CJ ENM,KOSDAQ GLOBAL,12170
415640,KB발해인프라,KOSPI,12168
093370,후성,KOSPI,12119
086450,동국제약,KOSDAQ GLOBAL,12053
456160,지투지바이오,KOSDAQ,12011
036540,SFA반도체,KOSDAQ,12005
089860,롯데렌탈,KOSPI,11800
000815,삼성화재우,KOSPI,11654
005690,파미셀,KOSPI,11631
466100,클로봇,KOSDAQ,11546
174900,앱클론,KOSDAQ,11536
052020,에스티큐브,KOSDAQ,11482
023160,태광,KOSDAQ,11420
328130,루닛,KOSDAQ,11391
082270,젬백스,KOSDAQ,11355
100840,SNT에너지,KOSPI,11291
000670,영풍,KOSPI,11280
281820,케이씨텍,KOSPI,11276
005300,롯데칠성,KOSPI,11208
293490,카카오게임즈,KOSDAQ GLOBAL,11160
204270,제이앤티씨,KOSDAQ,11072
036830,솔브레인홀딩스,KOSDAQ GLOBAL,11072
388720,유일로보틱스,KOSDAQ,11062
365550,ESR켄달스퀘어리츠,KOSPI,11049
192080,더블유게임즈,KOSPI,10989
420770,기가비스,KOSDAQ,10951
253450,스튜디오드래곤,KOSDAQ GLOBAL,10941
295310,에이치브이엠,KOSDAQ,10860
484870,엠앤씨솔루션,KOSPI,10801
161580,필옵틱스,KOSDAQ,10771
280360,롯데웰푸드,KOSPI,10709
006120,SK디스커버리,KOSPI,10674
476060,온코닉테라퓨틱스,KOSDAQ,10660
056190,에스에프에이,KOSDAQ GLOBAL,10646
137310,에스디바이오센서,KOSPI,10616
036530,SNT홀딩스,KOSPI,10450
122870,와이지엔터테인먼트,KOSDAQ,10373
052400,코나아이,KOSDAQ,10354
071055,한국금융지주우,KOSPI,10328
285130,SK케미칼,KOSPI,10310
192400,쿠쿠홀딩스,KOSPI,10241
044490,태웅,KOSDAQ,10223
009450,경동나비엔,KOSPI,10198
014620,성광벤드,KOSDAQ,10184
451800,한화리츠,KOSPI,10165
050890,쏠리드,KOSDAQ,10128
195870,해성디에스,KOSPI,10081
075580,세진중공업,KOSPI,10056
003470,유안타증권,KOSPI,10039
298050,HS효성첨단소재,KOSPI,10012
006650,대한유화,KOSPI,9925
499790,GS피앤엘,KOSPI,9915
057050,현대홈쇼핑,KOSPI,9912
171090,선익시스템,KOSDAQ,9850
090460,비에이치,KOSPI,9843
078160,메디포스트,KOSDAQ,9840
079900,전진건설로봇,KOSPI,9820
00088K,한화3우B,KOSPI,9760
222080,씨아이에스,KOSDAQ GLOBAL,9738
032190,다우데이타,KOSDAQ,9651
358570,지아이이노베이션,KOSDAQ,9648
056080,유진로봇,KOSDAQ,9640
074600,원익QnC,KOSDAQ GLOBAL,9489
348370,엔켐,KOSDAQ,9443
248070,솔루엠,KOSPI,9415
009240,한샘,KOSPI,9401
121600,나노신소재,KOSDAQ,9341
066575,LG전자우,KOSPI,9331
030190,NICE평가정보,KOSPI,9272
005880,대한해운,KOSPI,9246
249420,일동제약,KOSPI,9238
036810,에프에스티,KOSDAQ,9189
003030,세아제강지주,KOSPI,9132
126340,비나텍,KOSDAQ,9079
372320,큐로셀,KOSDAQ,9053
493280,아이엠바이오로직스,KOSDAQ,9042
003160,디아이,KOSPI,9041
456040,OCI,KOSPI,8997
241710,코스메카코리아,KOSDAQ,8992
064960,SNT모티브,KOSPI,8983
071320,지역난방공사,KOSPI,8846
011930,신성이엔지,KOSPI,8841
006730,서부T&D,KOSDAQ,8784
010780,아이에스동서,KOSPI,8754
003850,보령,KOSPI,8750
108320,LX세미콘,KOSPI,8717
003620,KG모빌리티,KOSPI,8661
001510,SK증권,KOSPI,8618
004490,세방전지,KOSPI,8510
365340,성일하이텍,KOSDAQ,8480
187660,페니트리움바이오,KOSDAQ,8453
025540,한국단자,KOSPI,8435
060250,NHN KCP,KOSDAQ,8433
317450,명인제약,KOSPI,8380
356860,티엘비,KOSDAQ,8338
199800,툴젠,KOSDAQ,8319
033100,제룡전기,KOSDAQ,8304
348340,뉴로메카,KOSDAQ,8282
389470,인벤티지랩,KOSDAQ,8231
033240,자화전자,KOSPI,8210
376300,디어유,KOSDAQ,8177
327260,RF머트리얼즈,KOSDAQ,8172
079160,CJ CGV,KOSPI,8072
002020,코오롱,KOSPI,8067
348210,넥스틴,KOSDAQ GLOBAL,8025
000370,한화손해보험,KOSPI,8019
003000,부광약품,KOSPI,8011
102710,이엔에프테크놀로지,KOSDAQ,7986
001270,부국증권,KOSPI,7932
033500,동성화인텍,KOSDAQ,7932
094170,동운아나텍,KOSDAQ,7903
225570,넥슨게임즈,KOSDAQ,7883
496320,본시스템즈,KONEX,7863
368770,파이버프로,KOSDAQ,7852
006110,삼아알미늄,KOSPI,7833
086900,메디톡스,KOSDAQ,7802
102940,코오롱생명과학,KOSDAQ,7723
003280,흥아해운,KOSPI,7705
083450,GST,KOSDAQ,7694
00104K,CJ4우(전환),KOSPI,7683
053800,안랩,KOSDAQ,7677
278280,천보,KOSDAQ,7636
009520,포스코엠텍,KOSDAQ GLOBAL,7628
253590,네오셈,KOSDAQ,7606
475960,토모큐브,KOSDAQ,7601
005090,SGC에너지,KOSPI,7536
007700,F&F홀딩스,KOSPI,7486
112040,위메이드,KOSDAQ,7485
114090,GKL,KOSPI,7478
017900,광전자,KOSPI,7474
009155,삼성전기우,KOSPI,7470
014820,동원시스템즈,KOSPI,7465
077360,덕산하이메탈,KOSDAQ,7456
093050,LF,KOSPI,7441
214320,이노션,KOSPI,7436
069260,TKG휴켐스,KOSPI,7435
001680,대상,KOSPI,7432
025980,아난티,KOSDAQ,7414
001060,JW중외제약,KOSPI,7369
002350,넥센타이어,KOSPI,7354
336370,솔루스첨단소재,KOSPI,7337
486990,노타,KOSDAQ,7332
293940,신한알파리츠,KOSPI,7304
024850,HLB이노베이션,KOSDAQ,7271
217590,티엠씨,KOSPI,7252
015750,성우하이텍,KOSDAQ,7240
399720,가온칩스,KOSDAQ,7238
178920,PI첨단소재,KOSPI,7224
425420,티에프이,KOSDAQ,7152
002240,고려제강,KOSPI,7114
200710,에이디테크놀로지,KOSDAQ,7110
214430,아이쓰리시스템,KOSDAQ,7044
005180,빙그레,KOSPI,7035
161000,애경케미칼,KOSPI,7034
468530,프로티나,KOSDAQ,6968
067160,SOOP,KOSDAQ GLOBAL,6965
001500,현대차증권,KOSPI,6925
272290,이녹스첨단소재,KOSDAQ GLOBAL,6918
059090,미코,KOSDAQ,6917
053610,프로텍,KOSDAQ,6864
058650,세아홀딩스,KOSPI,6836
001820,삼화콘덴서,KOSPI,6829
336570,원텍,KOSDAQ,6819
000400,롯데손해보험,KOSPI,6811
005250,녹십자홀딩스,KOSPI,6786
084110,휴온스글로벌,KOSDAQ,6785
252990,샘씨엔에스,KOSDAQ,6744
041960,코미팜,KOSDAQ,6731
017940,E1,KOSPI,6729
039130,하나투어,KOSPI,6722
042000,카페24,KOSDAQ,6718
005810,풍산홀딩스,KOSPI,6653
031330,에스에이엠티,KOSDAQ,6649
460930,현대힘스,KOSDAQ,6640
002840,미원상사,KOSPI,6621
008730,율촌화학,KOSPI,6596
104830,원익머트리얼즈,KOSDAQ,6581
094800,맵스리얼티,KOSPI,6572
033790,피노,KOSDAQ,6572
287840,인투셀,KOSDAQ,6572
000640,동아쏘시오홀딩스,KOSPI,6550
0120G0,삼양바이오팜,KOSPI,6513
002960,한국쉘석유,KOSPI,6500
383310,에코프로에이치엔,KOSDAQ,6481
130660,한전산업,KOSPI,6474
383800,LX홀딩스,KOSPI,6453
060280,큐렉소,KOSDAQ,6428
001570,금양,KOSPI,6332
003545,대신증권우,KOSPI,6323
448900,한국피아이엠,KOSDAQ,6317
009410,태영건설,KOSPI,6279
046890,서울반도체,KOSDAQ GLOBAL,6261
268280,미원에스씨,KOSPI,6250
090360,로보스타,KOSDAQ,6240
005420,코스모화학,KOSPI,6229
046970,우리로,KOSDAQ,6223
122640,예스티,KOSDAQ,6212
064260,다날,KOSDAQ,6195
006380,카프로,KOSPI,6185
271940,일진하이솔루스,KOSPI,6086
047920,HLB제약,KOSDAQ,6071
033640,네패스,KOSDAQ,6029
211050,인카금융서비스,KOSDAQ,6020
045100,한양이엔지,KOSDAQ,5985
099190,아이센스,KOSDAQ,5943
016610,DB증권,KOSPI,5866
019170,신풍제약,KOSPI,5839
448730,삼성FN리츠,KOSPI,5827
041190,우리기술투자,KOSDAQ,5821
025900,동화기업,KOSDAQ GLOBAL,5814
016380,KG스틸,KOSPI,5780
014830,유니드,KOSPI,5732
010820,퍼스텍,KOSPI,5720
005389,현대차3우B,KOSPI,5690
093320,케이아이엔엑스,KOSDAQ,5690
424870,이뮨온시아,KOSDAQ,5673
950210,프레스티지바이오파마,KOSPI,5667
033160,엠케이전자,KOSDAQ,5616
009900,명신산업,KOSPI,5614
020000,한섬,KOSPI,5609
018290,브이티,KOSDAQ,5604
025320,시노펙스,KOSDAQ,5602
488900,비츠로넥스텍,KOSDAQ,5598
119850,지엔씨에너지,KOSDAQ,5584
004690,삼천리,KOSPI,5575
284740,쿠쿠홈시스,KOSPI,5564
067630,HLB생명과학,KOSDAQ,5553
089010,켐트로닉스,KOSDAQ,5539
251970,펌텍코리아,KOSDAQ,5536
016590,신대양제지,KOSPI,5532
354320,알멕,KOSDAQ,5490
215600,신라젠,KOSDAQ,5483
002030,아세아,KOSPI,5476
389650,넥스트바이오메디컬,KOSDAQ,5373
000070,삼양홀딩스,KOSPI,5372
003300,한일홀딩스,KOSPI,5368
019210,와이지-원,KOSDAQ,5318
095660,네오위즈,KOSDAQ,5278
460860,동국제강,KOSPI,5258
453340,현대그린푸드,KOSPI,5252
006910,보성파워텍,KOSDAQ,5242
114810,한솔아이원스,KOSDAQ,5215
377740,바이오노트,KOSPI,5208
029530,신도리코,KOSPI,5197
138080,오이솔루션,KOSDAQ,5196
101160,월덱스,KOSDAQ,5184
039440,에스티아이,KOSDAQ,5179
006340,대원전선,KOSPI,5175
340570,티앤엘,KOSDAQ,5153
125490,한라캐스트,KOSDAQ,5150
381970,케이카,KOSPI,5145
005945,NH투자증권우,KOSPI,5132
0082N0,카나프테라퓨틱스,KOSDAQ,5093
030520,한글과컴퓨터,KOSDAQ GLOBAL,5089
105840,우진,KOSPI,5069
393890,더블유씨피,KOSDAQ GLOBAL,5059
090435,아모레퍼시픽우,KOSPI,5046
006220,제주은행,KOSPI,5038
484590,삼양컴텍,KOSDAQ,5027
036620,감성코퍼레이션,KOSDAQ,5022
079370,제우스,KOSDAQ,5015
034310,NICE,KOSPI,4995
107640,한중엔시에스,KOSDAQ,4994
206650,유바이오로직스,KOSDAQ,4979
098070,한텍,KOSDAQ,4976
230360,에코마케팅,KOSDAQ,4959
180400,DXVX,KOSDAQ,4951
042520,한스바이오메드,KOSDAQ,4948
145990,삼양사,KOSPI,4934
317330,덕산테코피아,KOSDAQ,4934
001200,유진투자증권,KOSPI,4930
037460,삼지전자,KOSDAQ,4887
145720,덴티움,KOSPI,4881
452260,한화갤러리아,KOSPI,4846
089890,코세스,KOSDAQ,4826
356680,엑스게이트,KOSDAQ,4815
101930,인화정공,KOSDAQ,4801
168360,펨트론,KOSDAQ,4789
017810,풀무원,KOSPI,4776
031430,신세계인터내셔날,KOSPI,4772
013030,하이록코리아,KOSDAQ,4766
290550,디케이티,KOSDAQ,4720
234340,헥토파이낸셜,KOSDAQ,4715
105630,한세실업,KOSPI,4676
027410,BGF,KOSPI,4675
080580,오킨스전자,KOSDAQ,4671
441270,파인엠텍,KOSDAQ,4669
215200,메가스터디교육,KOSDAQ GLOBAL,4659
192650,드림텍,KOSPI,4655
034950,한국기업평가,KOSDAQ,4631
344820,KCC글라스,KOSPI,4599
091700,파트론,KOSDAQ GLOBAL,4598
042370,비츠로테크,KOSDAQ,4582
900290,GRT,KOSDAQ,4576
008060,대덕,KOSPI,4558
004700,조광피혁,KOSPI,4548
357120,코람코라이프인프라리츠,KOSPI,4545
029460,케이씨,KOSPI,4543
078130,국일제지,KOSDAQ,4520
001530,DI동일,KOSPI,4508
002710,TCC스틸,KOSPI,4485
308430,셀비온,KOSDAQ,4484
450950,아스테라시스,KOSDAQ,4477
170900,동아에스티,KOSPI,4455
394280,오픈엣지테크놀로지,KOSDAQ,4451
482630,삼양엔씨켐,KOSDAQ,4432
072710,농심홀딩스,KOSPI,4429
0001A0,덕양에너젠,KOSDAQ,4427
228760,지노믹트리,KOSDAQ,4407
069080,웹젠,KOSDAQ GLOBAL,4404
069540,빛과전자,KOSDAQ,4402
455900,엔젤로보틱스,KOSDAQ,4391
376270,HEM파마,KOSDAQ,4383
025860,남해화학,KOSPI,4381
015360,INVENI,KOSPI,4360
183190,아세아시멘트,KOSPI,4358
079940,가비아,KOSDAQ,4355
110990,디아이티,KOSDAQ,4347
089590,제주항공,KOSPI,4346
389500,에스비비테크,KOSDAQ,4346
084990,헬릭스미스,KOSDAQ,4337
478340,나라스페이스테크놀로지,KOSDAQ,4336
016800,퍼시스,KOSPI,4324
220100,퓨쳐켐,KOSDAQ,4321
005610,SPC삼립,KOSPI,4301
101730,위메이드맥스,KOSDAQ,4299
117730,티로보틱스,KOSDAQ,4272
126720,수산인더스트리,KOSPI,4242
494120,큐리오시스,KOSDAQ,4242
078020,LS증권,KOSDAQ,4216
088800,에이스테크,KOSDAQ,4213
092790,넥스틸,KOSPI,4207
009290,광동제약,KOSPI,4198
241520,DSC인베스트먼트,KOSDAQ,4193
306200,세아제강,KOSPI,4169
078350,한양디지텍,KOSDAQ,4169
084850,아이티엠반도체,KOSDAQ GLOBAL,4166
000157,두산2우B,KOSPI,4152
092870,엑시콘,KOSDAQ,4150
091810,트리니티항공,KOSPI,4142
389260,대명에너지,KOSDAQ,4138
026890,스틱인베스트먼트,KOSPI,4138
025770,한국정보통신,KOSDAQ,4130
417310,코람코더원리츠,KOSPI,4128
097520,엠씨넥스,KOSPI,4115
298830,슈어소프트테크,KOSDAQ,4110
108860,셀바스AI,KOSDAQ,4099
078340,컴투스,KOSDAQ GLOBAL,4092
015860,일진홀딩스,KOSPI,4081
304360,에스바이오메딕스,KOSDAQ,4062
330860,네패스아크,KOSDAQ,4057
179900,유티아이,KOSDAQ,4057
230240,에치에프알,KOSDAQ,4052
010690,화신,KOSPI,4047
318060,그래피,KOSDAQ,4022
144510,지씨셀,KOSDAQ,4005
001390,KG케미칼,KOSPI,4000
403550,쏘카,KOSPI,3983
041830,인바디,KOSDAQ,3983
084010,대한제강,KOSPI,3980
018250,애경산업,KOSPI,3972
041920,메디아나,KOSDAQ,3970
241770,메카로,KOSDAQ,3959
200670,휴메딕스,KOSDAQ,3941
217730,강스템바이오텍,KOSDAQ,3936
089980,상아프론테크,KOSDAQ,3933
338840,와이바이오로직스,KOSDAQ,3931
036170,에이치엠넥스,KOSDAQ,3927
034830,한국토지신탁,KOSPI,3916
036890,진성티이씨,KOSDAQ,3884
394800,쓰리빌리언,KOSDAQ,3874
086390,유니테스트,KOSDAQ,3867
053030,바이넥스,KOSDAQ,3856
060980,HL홀딩스,KOSPI,3844
126560,현대퓨처넷,KOSPI,3824
035810,이지홀딩스,KOSDAQ,3812
194370,제이에스코퍼레이션,KOSPI,3809
003800,에이스침대,KOSDAQ,3809
389020,자람테크놀로지,KOSDAQ,3792
046120,오르비텍,KOSDAQ,3786
419530,SAMG엔터,KOSDAQ,3781
006405,삼성SDI우,KOSPI,3761
200880,서연이화,KOSPI,3738
314930,바이오다인,KOSDAQ,3732
065660,안트로젠,KOSDAQ,3732
204620,글로벌텍스프리,KOSDAQ,3732
094360,칩스앤미디어,KOSDAQ,3731
035890,서희건설,KOSDAQ,3729
058970,엠로,KOSDAQ,3708
352480,씨앤씨인터내셔널,KOSDAQ,3707
092230,KPX홀딩스,KOSPI,3705
007690,국도화학,KOSPI,3704
001940,KISCO홀딩스,KOSPI,3700
002310,아세아제지,KOSPI,3692
001750,한양증권,KOSPI,3684
0088M0,메쥬,KOSDAQ,3673
104700,한국철강,KOSPI,3670
475400,씨메스,KOSDAQ,3662
114190,강원에너지,KOSDAQ,3659
052710,아모텍,KOSDAQ,3653
084690,대상홀딩스,KOSPI,3646
005720,넥센,KOSPI,3630
236200,슈프리마,KOSDAQ,3626
0015G0,그린광학,KOSDAQ,3621
053690,한미글로벌,KOSPI,3610
365270,큐라클,KOSDAQ,3573
012030,DB,KOSPI,3556
099430,바이오플러스,KOSDAQ,3556
094480,갤럭시아머니트리,KOSDAQ,3526
272450,진에어,KOSPI,3518
136480,하림,KOSDAQ,3510
474650,링크솔루션,KOSDAQ,3507
043150,바텍,KOSDAQ,3505
002810,삼영무역,KOSPI,3497
085910,네오티스,KOSDAQ,3490
017860,DS단석,KOSPI,3490
451760,컨텍,KOSDAQ,3480
051500,CJ프레시웨이,KOSDAQ,3472
011760,현대코퍼레이션,KOSPI,3465
009160,SIMPAC,KOSPI,3464
073490,LIG아큐버,KOSDAQ,3463
001230,동국홀딩스,KOSPI,3463
093520,매커스,KOSDAQ,3462
402490,그린리소스,KOSDAQ,3458
064820,케이프,KOSDAQ,3439
462350,이노스페이스,KOSDAQ,3431
036200,유니셈,KOSDAQ,3431
049630,재영솔루텍,KOSDAQ,3425
064290,인텍플러스,KOSDAQ,3421
200130,콜마비앤에이치,KOSDAQ GLOBAL,3418
272110,케이엔제이,KOSDAQ,3414
170920,엘티씨,KOSDAQ,3412
011500,한농화성,KOSPI,3401
060720,KH바텍,KOSDAQ,3395
115450,HLB테라퓨틱스,KOSDAQ,3392
378340,필에너지,KOSDAQ,3390
203650,드림시큐리티,KOSDAQ,3390
123890,한국자산신탁,KOSPI,3365
265520,AP시스템,KOSDAQ,3363
033270,유나이티드제약,KOSPI,3357
037270,YG PLUS,KOSPI,3355
003520,영진약품,KOSPI,3354
286940,롯데이노베이트,KOSPI,3336
064850,에프앤가이드,KOSDAQ,3326
067390,아스트,KOSDAQ,3322
045390,대아티아이,KOSDAQ,3305
243840,신흥에스이씨,KOSDAQ,3296
101360,에코앤드림,KOSDAQ,3292
243070,휴온스,KOSDAQ,3270
128820,대성산업,KOSPI,3266
008350,남선알미늄,KOSPI,3265
322310,오로스테크놀로지,KOSDAQ,3264
900140,엘브이엠씨홀딩스,KOSPI,3261
078520,에이블씨엔씨,KOSPI,3256
134380,미원화학,KOSPI,3252
012210,삼미금속,KOSDAQ,3251
416180,신성에스티,KOSDAQ,3249
445090,에이직랜드,KOSDAQ,3244
448280,에코아이,KOSDAQ,3229
151860,KG에코솔루션,KOSDAQ,3222
332570,PS일렉트로닉스,KOSDAQ,3209
006805,미래에셋증권우,KOSPI,3209
472850,폰드그룹,KOSDAQ,3206
024720,콜마홀딩스,KOSPI,3206
304100,솔트룩스,KOSDAQ,3205
215000,골프존,KOSDAQ GLOBAL,3200
035600,KG이니시스,KOSDAQ,3196
018000,유니슨,KOSDAQ,3189
160980,싸이맥스,KOSDAQ,3184
452280,한선엔지니어링,KOSDAQ,3181
000650,천일고속,KOSPI,3172
0007C0,아크릴,KOSDAQ,3171
023410,유진기업,KOSDAQ,3169
475560,더본코리아,KOSPI,3150
001340,PKC,KOSPI,3144
003920,남양유업,KOSPI,3144
014940,오리엔탈정공,KOSDAQ,3140
232530,이엠티,KONEX,3124
088260,이리츠코크렙,KOSPI,3122
095500,미래나노텍,KOSDAQ,3122
274090,켄코아에어로스페이스,KOSDAQ,3122
138610,나이벡,KOSDAQ,3119
096760,JW홀딩스,KOSPI,3119
003120,일성아이에스,KOSPI,3118
017390,서울가스,KOSPI,3118
086820,바이오솔루션,KOSDAQ,3103
023760,한국캐피탈,KOSDAQ,3096
049070,인탑스,KOSDAQ,3092
294570,쿠콘,KOSDAQ,3072
003960,사조대림,KOSPI,3070
092200,디아이씨,KOSPI,3068
091580,상신이디피,KOSDAQ,3065
226590,엠디바이스,KOSDAQ,3061
099440,스맥,KOSDAQ,3057
001460,BYC,KOSPI,3051
003070,코오롱글로벌,KOSPI,3050
054950,제이브이엠,KOSDAQ,3046
0008Z0,에스엔시스,KOSDAQ,3043
051370,인터플렉스,KOSDAQ,3039
002320,한진,KOSPI,3032
004980,성신양회,KOSPI,3027
037710,광주신세계,KOSPI,3015
255220,SG,KOSDAQ,3014
002900,TYM,KOSPI,3013
095700,제넥신,KOSDAQ,2987
065680,우주일렉트로,KOSDAQ,2980
078070,유비쿼스홀딩스,KOSDAQ,2978
200470,에이팩트,KOSDAQ,2978
361390,제노코,KOSDAQ,2974
005680,삼영전자,KOSPI,2970
034120,SBS,KOSPI,2968
456010,아이씨티케이,KOSDAQ,2968
000320,노루홀딩스,KOSPI,2963
334890,이지스밸류플러스리츠,KOSPI,2958
251370,와이엠티,KOSDAQ,2951
012860,모베이스전자,KOSDAQ,2943
000490,대동,KOSPI,2943
464080,에스오에스랩,KOSDAQ,2918
357550,석경에이티,KOSDAQ,2912
053300,한국정보인증,KOSDAQ,2907
005010,휴스틸,KOSPI,2899
004360,세방,KOSPI,2890
003720,삼영,KOSPI,2890
092730,네오팜,KOSDAQ,2889
459510,나우로보틱스,KOSDAQ,2887
058430,포스코스틸리온,KOSPI,2880
003200,일신방직,KOSPI,2870
108670,LX하우시스,KOSPI,2869
000540,흥국화재,KOSPI,2868
061970,LB세미콘,KOSDAQ,2860
418550,제이오,KOSDAQ,2859
044450,KSS해운,KOSPI,2855
321550,티움바이오,KOSDAQ,2854
035510,신세계 I&C,KOSPI,2852
064550,바이오니아,KOSDAQ,2844
194480,데브시스터즈,KOSDAQ,2844
098120,마이크로컨텍솔,KOSDAQ,2838
092460,한라IMS,KOSDAQ,2838
452430,사피엔반도체,KOSDAQ,2827
02826K,삼성물산우B,KOSPI,2817
256840,한국비엔씨,KOSDAQ,2811
001790,대한제당,KOSPI,2807
377190,디앤디플랫폼리츠,KOSPI,2802
241590,화승엔터프라이즈,KOSPI,2802
018310,삼목에스폼,KOSDAQ,2797
388050,지투파워,KOSDAQ,2791
267980,매일유업,KOSDAQ,2789
462860,더즌,KOSDAQ,2783
094820,일진파워,KOSDAQ,2782
004310,현대약품,KOSPI,2761
067080,대화제약,KOSDAQ,2760
144960,뉴파워프라즈마,KOSDAQ,2748
043370,피에이치에이,KOSDAQ,2744
216080,제테마,KOSDAQ,2738
432720,퀄리타스반도체,KOSDAQ,2733
036800,나이스정보통신,KOSDAQ,2730
425040,티이엠씨,KOSDAQ,2725
126600,BGF에코머티리얼즈,KOSDAQ,2720
007160,사조산업,KOSPI,2720
058820,CMG제약,KOSDAQ,2714
000430,대원강업,KOSPI,2709
001250,GS글로벌,KOSPI,2707
013120,동원개발,KOSDAQ,2706
190510,나무가,KOSDAQ,2704
221800,유투바이오,KOSDAQ,2702
084680,이월드,KOSPI,2697
000680,LS네트웍스,KOSPI,2691
024060,흥구석유,KOSDAQ,2685
309710,아이티켐,KOSDAQ,2684
194700,노바렉스,KOSDAQ,2681
054210,이랜텍,KOSDAQ,2680
000050,경방,KOSPI,2678
254490,미래반도체,KOSDAQ,2660
380550,뉴로핏,KOSDAQ,2660
100120,뷰웍스,KOSDAQ,2660
013890,지누스,KOSPI,2659
484810,티엑스알로보틱스,KOSDAQ,2657
182400,엔케이젠바이오텍코리아,KOSDAQ,2654
199430,케이엔알시스템,KOSDAQ,2652
402030,코난테크놀로지,KOSDAQ,2647
382900,범한퓨얼셀,KOSDAQ,2645
009470,삼화전기,KOSPI,2642
0030R0,대신밸류리츠,KOSPI,2639
035150,백산,KOSPI,2636
353810,이지바이오,KOSDAQ,2633
000390,삼화페인트,KOSPI,2630
176750,듀켐바이오,KOSDAQ,2626
092220,KEC,KOSPI,2625
126700,하이비젼시스템,KOSDAQ,2625
206640,바디텍메드,KOSDAQ,2622
004380,삼익THK,KOSPI,2614
108380,대양전기공업,KOSDAQ,2607
404990,신한서부티엔디리츠,KOSPI,2605
017890,한국알콜,KOSDAQ,2603
030210,다올투자증권,KOSPI,2600
214180,헥토이노베이션,KOSDAQ,2597
011690,와이투솔루션,KOSPI,2595
033920,무학,KOSPI,2590
211270,AP위성,KOSDAQ,2588
005710,대원산업,KOSDAQ,2586
348950,제이알글로벌리츠,KOSPI,2583
474170,루미르,KOSDAQ,2581
405100,큐알티,KOSDAQ,2580
371950,풍원정밀,KOSDAQ,2576
338220,뷰노,KOSDAQ,2574
388790,라이콤,KOSDAQ,2571
136490,선진,KOSPI,2568
481070,에이유브랜즈,KOSDAQ,2566
121800,비덴트,KOSDAQ,2563
488280,에스투더블유,KOSDAQ,2557
950250,테라뷰,KOSDAQ,2550
013580,계룡건설,KOSPI,2549
034810,해성산업,KOSDAQ,2545
092070,디엔에프,KOSDAQ,2540
001780,알루코,KOSPI,2536
117580,대성에너지,KOSPI,2535
001130,대한제분,KOSPI,2535
377460,위니아에이드,KOSDAQ,2531
036030,케이티알파,KOSDAQ,2524
083310,엘오티베큠,KOSDAQ,2520
372170,윤성에프앤씨,KOSDAQ,2517
122900,아이마켓코리아,KOSPI,2513
403850,더핑크퐁컴퍼니,KOSDAQ,2504
457550,우진엔텍,KOSDAQ,2502
244920,에이플러스에셋,KOSPI,2498
417840,저스템,KOSDAQ,2497
199820,제일일렉트릭,KOSDAQ,2490
005500,삼진제약,KOSPI,2488
289930,웨이비스,KOSDAQ,2486
314130,지놈앤컴퍼니,KOSDAQ,2473
001630,종근당홀딩스,KOSPI,2454
078150,HB테크놀러지,KOSDAQ,2452
210980,SK디앤디,KOSPI,2451
019010,베뉴지,KOSDAQ,2448
452450,피아이이,KOSDAQ,2439
002150,도화엔지니어링,KOSPI,2437
041020,폴라리스오피스,KOSDAQ,2436
123330,제닉,KOSDAQ,2430
203400,에이비온,KOSDAQ,2423
003220,대원제약,KOSPI,2404
298690,에어부산,KOSPI,2402
051360,토비스,KOSDAQ,2398
028100,동아지질,KOSPI,2395
004560,현대비앤지스틸,KOSPI,2386
000480,CR홀딩스,KOSPI,2386
053210,스카이라이프,KOSPI,2385
065710,서호전기,KOSDAQ,2384
009680,모토닉,KOSPI,2384
112290,와이씨켐,KOSDAQ,2370
036560,KZ정밀,KOSDAQ,2367
382800,지앤비에스 에코,KOSDAQ,2358
950140,잉글우드랩,KOSDAQ,2358
051905,LG생활건강우,KOSPI,2357
484120,도우인시스,KOSDAQ,2355
004710,한솔테크닉스,KOSPI,2355
285490,노바텍,KOSDAQ,2353
003547,대신증권2우B,KOSPI,2342
039840,디오,KOSDAQ,2335
004430,송원산업,KOSPI,2335
010580,에스엠벡셀,KOSPI,2330
042600,새로닉스,KOSDAQ,2325
219130,타이거일렉,KOSDAQ,2323
119610,인터로조,KOSDAQ,2316
293580,나우IB,KOSDAQ,2316
009580,무림P&P,KOSPI,2313
234690,녹십자웰빙,KOSDAQ,2307
226320,잇츠한불,KOSPI,2306
104480,티케이케미칼,KOSDAQ,2304
010955,S-Oil우,KOSPI,2296
950170,JTC,KOSDAQ,2294
025000,KPX케미칼,KOSPI,2290
095570,AJ네트웍스,KOSPI,2276
264450,유비쿼스,KOSDAQ,2265
432320,KB스타리츠,KOSPI,2261
102260,동성케미컬,KOSPI,2255
270660,에브리봇,KOSDAQ,2255
260870,SK시그넷,KONEX,2254
061090,세나테크놀로지,KOSDAQ,2253
007570,일양약품,KOSPI,2250
036190,금화피에스시,KOSDAQ,2250
237880,클리오,KOSDAQ,2248
475230,엔알비,KOSDAQ,2246
0011A0,액스비스,KOSDAQ,2244
068930,디지털대성,KOSDAQ,2241
187870,디바이스,KOSDAQ,2241
007860,서연,KOSPI,2237
079960,동양이엔피,KOSDAQ,2236
179290,엠아이텍,KOSDAQ,2233
032620,GC메디아이,KOSDAQ,2231
418420,라온텍,KOSDAQ,2228
299030,하나기술,KOSDAQ,2226
080160,모두투어,KOSDAQ,2224
394420,리센스메디컬,KOSDAQ,2224
213500,한솔제지,KOSPI,2213
005950,이수화학,KOSPI,2208
003610,방림,KOSPI,2207
016880,웅진,KOSPI,2205
115310,인포바인,KOSDAQ,2199
033530,SJG세종,KOSPI,2197
001080,만호제강,KOSPI,2195
339770,교촌에프앤비,KOSPI,2193
102120,어보브반도체,KOSDAQ,2190
0004V0,엔비알모션,KOSDAQ,2190
439090,마녀공장,KOSDAQ,2186
003350,한국화장품제조,KOSPI,2184
008490,서흥,KOSPI,2181
018470,조일알미늄,KOSPI,2179
158430,아톤,KOSDAQ,2178
123860,아나패스,KOSDAQ,2178
118990,모트렉스,KOSDAQ,2176
000520,삼일제약,KOSPI,2175
307750,국전약품,KOSDAQ,2175
289080,SV인베스트먼트,KOSDAQ,2172
357580,아모센스,KOSDAQ,2172
140670,알에스오토메이션,KOSDAQ,2164
083930,아바코,KOSDAQ,2160
121440,골프존홀딩스,KOSDAQ,2154
005960,동부건설,KOSPI,2145
000140,하이트진로홀딩스,KOSPI,2141
461300,아이스크림미디어,KOSDAQ,2141
039570,HDC랩스,KOSPI,2133
115500,케이씨에스,KOSDAQ,2133
297090,씨에스베어링,KOSDAQ,2127
125020,티씨머티리얼즈,KOSDAQ,2126
377450,리파인,KOSDAQ,2126
039560,다산네트웍스,KOSDAQ,2124
232680,라온로보틱스,KOSDAQ,2120
056090,시지메드텍,KOSDAQ,2116
489500,엘케이켐,KOSDAQ,2115
417010,나노팀,KOSDAQ,2112
011560,세보엠이씨,KOSDAQ,2101
106190,하이텍팜,KOSDAQ,2100
473980,노머스,KOSDAQ,2096
293780,압타바이오,KOSDAQ,2095
046440,KG파이낸셜,KOSDAQ,2079
146320,비씨엔씨,KOSDAQ,2078
003650,미창석유,KOSPI,2071
380540,옵티코어,KOSDAQ,2066
271980,제일약품,KOSPI,2064
357880,SKAI,KOSDAQ,2060
487570,HS효성,KOSPI,2060
234080,JW생명과학,KOSPI,2058
003555,LG우,KOSPI,2056
242040,나무기술,KOSDAQ,2055
047310,파워로직스,KOSDAQ,2053
060150,인선이엔티,KOSDAQ,2046
300080,플리토,KOSDAQ,2036
062970,한국첨단소재,KOSDAQ,2035
114840,아이패밀리에스씨,KOSDAQ,2035
004090,한국석유,KOSPI,2034
054450,텔레칩스,KOSDAQ,2033
458650,성우,KOSDAQ,2023
086890,이수앱지스,KOSDAQ,2018
122990,와이솔,KOSDAQ,2013
123410,코리아에프티,KOSDAQ,2012
008970,KBI동양철관,KOSPI,2011
016580,환인제약,KOSPI,2005
092190,서울바이오시스,KOSDAQ,1992
469610,이노테크,KOSDAQ,1992
143160,아이디스,KOSDAQ,1987
039860,나노엔텍,KOSDAQ,1984
081000,일진다이아,KOSPI,1982
003460,유화증권,KOSPI,1976
001045,CJ우,KOSPI,1975
100250,진양홀딩스,KOSPI,1974
101530,해태제과식품,KOSPI,1971
264660,씨앤지하이테크,KOSDAQ,1968
002990,금호건설,KOSPI,1964
031440,신세계푸드,KOSPI,1963
052330,코텍,KOSDAQ,1959
001520,동양,KOSPI,1957
002100,경농,KOSPI,1950
365330,에스와이스틸텍,KOSDAQ,1949
082800,비보존 제약,KOSDAQ,1936
101970,우양에이치씨,KOSDAQ,1933
140610,엔솔바이오사이언스,KONEX,1933
068790,DMS,KOSDAQ,1927
049430,코메론,KOSDAQ,1927
071840,롯데하이마트,KOSPI,1926
290740,액트로,KOSDAQ,1923
008830,대동기어,KOSDAQ,1914
290690,소룩스,KOSDAQ,1911
0007J0,인벤테라,KOSDAQ,1907
259630,엠플러스,KOSDAQ,1906
267320,나인테크,KOSDAQ,1903
102460,이연제약,KOSPI,1903
025820,이구산업,KOSPI,1902
334970,프레스티지바이오로직스,KOSDAQ,1897
015230,대창단조,KOSPI,1894
340450,지씨지놈,KOSDAQ,1894
220260,켐트로스,KOSDAQ,1892
474610,RF시스템즈,KOSDAQ,1890
131030,옵투스제약,KOSDAQ,1889
017550,수산세보틱스,KOSPI,1887
235980,메드팩토,KOSDAQ,1885
054920,한컴위드,KOSDAQ,1884
037030,파워넷,KOSDAQ,1882
323990,박셀바이오,KOSDAQ,1879
119830,아이텍,KOSDAQ,1878
217270,넵튠,KOSDAQ,1874
016790,현대사료,KOSDAQ,1873
016450,한세예스24홀딩스,KOSPI,1872
006060,화승인더,KOSPI,1869
009070,KCTC,KOSPI,1869
047770,코데즈컴바인,KOSDAQ,1867
038290,마크로젠,KOSDAQ,1866
067000,조이시티,KOSDAQ,1866
037560,LG헬로비전,KOSPI,1862
000860,강남제비스코,KOSPI,1861
005160,동국산업,KOSDAQ,1857
389030,지니너스,KOSDAQ,1855
005430,한국공항,KOSPI,1855
042420,네오위즈홀딩스,KOSDAQ,1852
037070,파세코,KOSDAQ,1852
143240,사람인,KOSDAQ,1851
048870,시너지이노베이션,KOSDAQ,1845
264850,이랜시스,KOSDAQ,1841
086980,쇼박스,KOSDAQ,1835
400760,NH올원리츠,KOSPI,1834
004960,한신공영,KOSPI,1825
097955,CJ제일제당 우,KOSPI,1823
149950,아바텍,KOSDAQ,1823
012200,계양전기,KOSPI,1821
272550,삼양패키징,KOSPI,1820
011785,금호석유화학우,KOSPI,1817
101170,우림피티에스,KOSDAQ,1810
012610,경인양행,KOSPI,1810
032940,원익,KOSDAQ,1810
037350,성도이엔지,KOSDAQ,1806
092130,이크레더블,KOSDAQ,1806
002170,삼양통상,KOSPI,1806
002230,피에스텍,KOSDAQ,1800
038390,레드캡투어,KOSDAQ,1799
051980,중앙첨단소재,KOSDAQ,1795
108230,톱텍,KOSDAQ,1792
282720,금양그린파워,KOSDAQ,1792
408470,한패스,KOSDAQ,1788
047560,이스트소프트,KOSDAQ,1786
129920,대성하이텍,KOSDAQ,1782
322510,제이엘케이,KOSDAQ,1780
192410,오늘이엔엠,KOSDAQ,1777
475580,에이럭스,KOSDAQ,1775
090350,노루페인트,KOSPI,1770
025620,차AI헬스케어,KOSPI,1767
040160,누리플렉스,KOSDAQ,1767
044820,코스맥스비티아이,KOSPI,1767
066620,국보디자인,KOSDAQ,1762
260970,에스앤디,KOSDAQ,1758
053080,케이엔솔,KOSDAQ,1757
033340,좋은사람들,KOSDAQ,1752
023910,대한약품,KOSDAQ,1752
036710,심텍홀딩스,KOSDAQ,1748
148150,세경하이테크,KOSDAQ,1746
234030,싸이닉솔루션,KOSDAQ,1744
067280,멀티캠퍼스,KOSDAQ,1742
317400,자이에스앤디,KOSPI,1741
000300,DH오토넥스,KOSPI,1740
462520,조선내화,KOSPI,1739
293480,하나제약,KOSPI,1734
250060,모비스,KOSDAQ,1730
011040,경동제약,KOSDAQ,1729
282880,코윈테크,KOSDAQ,1728
042510,라온시큐어,KOSDAQ,1726
322180,LS티라유텍,KOSDAQ,1726
256940,킵스파마,KOSDAQ,1724
054800,아이디스홀딩스,KOSDAQ,1715
214420,토니모리,KOSPI,1712
125210,아모그린텍,KOSDAQ,1712
192440,슈피겐코리아,KOSDAQ,1709
156100,엘앤케이바이오,KOSDAQ,1705
460850,동국씨엠,KOSPI,1704
456070,이엔셀,KOSDAQ,1704
095190,이엠코리아,KOSDAQ,1703
049080,기가레인,KOSDAQ,1697
001360,삼성제약,KOSPI,1695
069510,에스텍,KOSDAQ,1687
000020,동화약품,KOSPI,1687
210540,디와이파워,KOSPI,1683
089470,HDC현대EP,KOSPI,1677
333430,일승,KOSDAQ,1677
041440,현대에버다임,KOSDAQ,1676
182360,큐브엔터,KOSDAQ,1676
214390,경보제약,KOSPI,1673
126730,코칩,KOSDAQ,1666
000700,유수홀딩스,KOSPI,1664
228670,레이,KOSDAQ,1663
00279K,아모레퍼시픽홀딩스3우C,KOSPI,1663
453450,그리드위즈,KOSDAQ,1660
083500,에프엔에스테크,KOSDAQ,1657
396270,넥스트칩,KOSDAQ,1657
066310,큐에스아이,KOSDAQ,1656
078000,텔코웨어,KOSPI,1655
445180,퓨릿,KOSDAQ,1655
013990,아가방컴퍼니,KOSDAQ,1654
009270,신원,KOSPI,1646
040300,YTN,KOSDAQ,1642
452190,한빛레이저,KOSDAQ,1640
138360,앤로보틱스,KOSDAQ,1639
003830,대한화섬,KOSPI,1637
307180,아이엘,KOSDAQ,1635
000970,한국주철관,KOSPI,1634
107600,새빗켐,KOSDAQ,1632
071200,인피니트헬스케어,KOSDAQ,1632
331740,아우토크립트,KOSDAQ,1623
417500,제이아이테크,KOSDAQ,1622
023600,삼보판지,KOSDAQ,1613
007330,푸른저축은행,KOSDAQ,1604
085670,뉴프렉스,KOSDAQ,1601
021080,에이티넘인베스트,KOSDAQ,1600
011280,태림포장,KOSPI,1600
080420,모다이노칩,KOSDAQ,1598
066410,버킷스튜디오,KOSDAQ,1596
263860,지니언스,KOSDAQ,1595
147830,제룡산업,KOSDAQ,1594
046070,코다코,KOSDAQ,1591
115440,우리넷,KOSDAQ,1591
005860,한일사료,KOSDAQ,1589
027710,팜스토리,KOSDAQ,1587
003480,한진중공업홀딩스,KOSPI,1585
166480,코아스템켐온,KOSDAQ,1580
217820,원익피앤이,KOSDAQ,1580
204610,티쓰리,KOSDAQ,1578
014280,금강공업,KOSPI,1577
007540,샘표,KOSPI,1575
246710,티앤알바이오팹,KOSDAQ,1574
065450,빅텍,KOSDAQ,1570
476040,오가노이드사이언스,KOSDAQ,1570
464490,쿼드메디슨,KOSDAQ,1567
027970,한국제지,KOSPI,1565
017510,세명전기,KOSDAQ,1564
002780,진흥기업,KOSPI,1560
360070,탑머티리얼,KOSDAQ,1559
092040,아미코젠,KOSDAQ,1557
255440,야스,KOSDAQ,1557
049960,쎌바이오텍,KOSDAQ,1555
297890,HB솔루션,KOSDAQ,1554
004970,신라교역,KOSPI,1553
053700,삼보모터스,KOSDAQ,1551
0015S0,페스카로,KOSDAQ,1549
086670,비엠티,KOSDAQ,1548
038110,에코플라스틱,KOSDAQ,1545
021320,KCC건설,KOSDAQ,1545
336680,탑런토탈솔루션,KOSDAQ,1542
072870,메가스터디,KOSDAQ,1525
070960,모나용평,KOSPI,1525
006620,동구바이오제약,KOSDAQ,1520
054540,삼영엠텍,KOSDAQ,1519
321370,센서뷰,KOSDAQ,1518
136540,윈스테크넷,KOSDAQ,1510
263720,디앤씨미디어,KOSDAQ,1508
446540,메가터치,KOSDAQ,1505
443670,에스피소프트,KOSDAQ,1501
090470,제이스텍,KOSDAQ,1501
306620,지아이에스,KOSDAQ,1501
024800,유성티엔에스,KOSDAQ,1500
03473K,SK우,KOSPI,1500
079430,현대리바트,KOSPI,1499
073010,케이에스피,KOSDAQ,1497
104460,디와이피엔에프,KOSDAQ,1496
107590,미원홀딩스,KOSPI,1496
294630,서남,KOSDAQ,1494
021820,세원정공,KOSPI,1493
094280,효성ITX,KOSPI,1488
015890,태경산업,KOSPI,1487
011700,한신기계,KOSPI,1487
093190,빅솔론,KOSDAQ,1487
413630,씨피시스템,KOSDAQ,1482
355150,코스텍시스,KOSDAQ,1481
005990,매일홀딩스,KOSDAQ,1481
096250,와이즈넛,KOSDAQ,1481
090850,현대이지웰,KOSDAQ,1479
408920,메쎄이상,KOSDAQ,1476
004250,NPC,KOSPI,1476
298000,효성화학,KOSPI,1475
123040,엠에스오토텍,KOSDAQ,1474
049720,고려신용정보,KOSDAQ,1472
008040,사조동아원,KOSPI,1469
063570,NICE인프라,KOSDAQ,1468
350520,이지스레지던스리츠,KOSPI,1465
131370,알서포트,KOSDAQ,1464
052420,오성첨단소재,KOSDAQ,1463
307930,컴퍼니케이,KOSDAQ,1462
025950,동신건설,KOSDAQ,1461
105330,케이엔더블유,KOSDAQ,1461
214680,디알텍,KOSDAQ,1460
310200,애니플러스,KOSDAQ,1460
083420,그린케미칼,KOSPI,1459
122450,KX,KOSDAQ,1456
013520,화승코퍼레이션,KOSPI,1456
002390,한독,KOSPI,1454
109610,에스와이,KOSDAQ,1452
240550,동방메디컬,KOSDAQ,1438
225530,HC보광산업,KOSDAQ,1435
215100,로보로보,KOSDAQ,1434
136150,원일티엔아이,KOSDAQ,1431
363280,티와이홀딩스,KOSPI,1427
225190,LK삼양,KOSDAQ,1426
024090,디씨엠,KOSPI,1425
012320,경동인베스트,KOSPI,1421
100130,동국S&C,KOSDAQ,1420
071280,로체시스템즈,KOSDAQ,1419
141000,비아트론,KOSDAQ,1418
020120,키다리스튜디오,KOSPI,1415
226400,오스테오닉,KOSDAQ,1415
004150,한솔홀딩스,KOSPI,1413
045970,코아시아,KOSDAQ,1413
059120,아진엑스텍,KOSDAQ,1409
010100,한국무브넥스,KOSPI,1405
007210,벽산,KOSPI,1405
217950,파마리서치바이오,KONEX,1401
382840,원준,KOSDAQ,1400
205100,엑셈,KOSDAQ,1399
014160,대영포장,KOSPI,1399
077500,유니퀘스트,KOSPI,1397
012800,대창,KOSPI,1396
003100,선광,KOSDAQ,1392
290720,푸드나무,KOSDAQ,1387
004140,동방,KOSPI,1386
049520,유아이엘,KOSDAQ,1381
016710,대성홀딩스,KOSPI,1380
002460,HS화성,KOSPI,1379
002620,제일파마홀딩스,KOSPI,1376
035000,HS애드,KOSPI,1374
389140,포바이포,KOSDAQ,1374
036010,아비코전자,KOSDAQ,1373
005800,신영와코루,KOSPI,1372
093640,케이알엠,KOSDAQ,1372
035080,그래디언트,KOSDAQ,1370
309960,LB인베스트먼트,KOSDAQ,1369
089600,KT나스미디어,KOSDAQ,1366
014790,HL D&I,KOSPI,1361
014530,극동유화,KOSPI,1359
123690,한국화장품,KOSPI,1359
003310,대주산업,KOSDAQ,1357
054620,APS,KOSDAQ,1355
007110,일신석재,KOSPI,1346
463020,뉴엔AI,KOSDAQ,1344
088130,동아엘텍,KOSDAQ,1342
019680,대교,KOSPI,1342
067990,도이치모터스,KOSDAQ,1342
074430,아미노로직스,KOSDAQ,1339
366030,공구우먼,KOSDAQ,1338
072950,빛샘전자,KOSDAQ,1336
000440,중앙에너비스,KOSDAQ,1335
317770,엑스페릭스,KOSDAQ,1335
004080,신흥,KOSPI,1333
029480,광무,KOSDAQ,1331
016740,두올,KOSPI,1330
267290,경동도시가스,KOSPI,1329
019180,티에이치엔,KOSPI,1328
337930,젝시믹스,KOSDAQ,1326
013570,디와이,KOSPI,1323
269620,시스웍,KOSDAQ,1320
049950,미래컴퍼니,KOSDAQ,1320
489460,바이오비쥬,KOSDAQ,1317
063170,서울옥션,KOSDAQ,1315
054050,농우바이오,KOSDAQ,1314
023900,풍국주정,KOSDAQ,1314
063080,컴투스홀딩스,KOSDAQ,1313
041520,이엘씨,KOSDAQ,1311
095720,웅진씽크빅,KOSPI,1310
067900,와이엔텍,KOSDAQ,1310
014710,사조씨푸드,KOSPI,1310
079810,APS이노베이션,KOSDAQ,1308
139990,아주스틸,KOSPI,1307
067830,세이브존I&C,KOSPI,1305
001020,페이퍼코리아,KOSPI,1299
109740,디에스케이,KOSDAQ,1298
251120,바이오에프디엔씨,KOSDAQ,1297
209640,와이제이링크,KOSDAQ,1297
053580,웹케시,KOSDAQ,1295
052260,현대바이오랜드,KOSDAQ,1293
078890,가온그룹,KOSDAQ,1289
009780,엠에스씨,KOSDAQ,1286
265740,엔에프씨,KOSDAQ,1286
014580,태경비케이,KOSPI,1285
229500,노브메타파마,KONEX,1281
013310,아진산업,KOSDAQ,1276
032300,한국파마,KOSDAQ,1276
100590,머큐리,KOSDAQ,1274
0015N0,아로마티카,KOSDAQ,1270
100700,세운메디칼,KOSDAQ,1270
248170,샘표식품,KOSPI,1269
004100,태양금속,KOSPI,1267
036580,팜스코,KOSPI,1267
038540,상상인,KOSDAQ,1267
005870,휴니드,KOSPI,1266
120030,조선선재,KOSPI,1265
493330,지에프아이,KOSDAQ,1260
036690,코맥스,KOSDAQ,1256
950130,엑세스바이오,KOSDAQ,1254
086710,선진뷰티사이언스,KOSDAQ,1253
411080,샌즈랩,KOSDAQ,1248
023800,인지컨트롤스,KOSPI,1244
059210,메타바이오메드,KOSDAQ,1243
396470,워트,KOSDAQ,1242
036220,오상헬스케어,KOSDAQ,1239
330350,위더스제약,KOSDAQ,1237
37550L,DL이앤씨2우(전환),KOSPI,1235
278650,HLB바이오스텝,KOSDAQ,1233
001290,상상인증권,KOSPI,1229
417970,모델솔루션,KOSDAQ,1229
223250,드림씨아이에스,KOSDAQ,1228
067290,JW신약,KOSDAQ,1227
042500,링네트,KOSDAQ,1226
215790,이노인스트루먼트,KOSDAQ,1224
002220,한일철강,KOSPI,1224
388870,파로스아이바이오,KOSDAQ,1223
015590,DKME,KOSPI,1220
381620,제닉스로보틱스,KOSDAQ,1217
051160,지어소프트,KOSDAQ,1211
073560,우리손에프앤지,KOSDAQ,1208
095270,웨이브일렉트로,KOSDAQ,1205
238090,앤디포스,KOSDAQ,1204
267850,아시아나IDT,KOSPI,1204
117670,알파칩스,KOSDAQ,1201
020710,시공테크,KOSDAQ,1200
026150,특수건설,KOSDAQ,1198
048530,인트론바이오,KOSDAQ,1196
099750,이지케어텍,KOSDAQ,1195
432470,케이엔에스,KOSDAQ,1192
081180,쎄크,KOSDAQ,1191
044990,에이치엔에스하이텍,KOSDAQ,1191
014970,삼륭물산,KOSDAQ,1190
084670,동양고속,KOSPI,1190
018120,진로발효,KOSDAQ,1187
330730,스톤브릿지벤처스,KOSDAQ,1182
418470,KT밀리의서재,KOSDAQ,1181
065530,와이어블,KOSDAQ,1176
033290,로젠,KOSDAQ,1176
078140,대봉엘에스,KOSDAQ,1176
439580,블루엠텍,KOSDAQ,1176
034590,인천도시가스,KOSPI,1172
424960,스마트레이더시스템,KOSDAQ,1172
058850,KTcs,KOSPI,1169
000230,일동홀딩스,KOSPI,1169
201490,미투온,KOSDAQ,1168
003580,HLB글로벌,KOSPI,1167
101330,모베이스,KOSDAQ,1164
046210,HLB파나진,KOSDAQ,1164
010660,화천기계,KOSPI,1163
142210,유니트론텍,KOSDAQ,1162
066700,테라젠이텍스,KOSDAQ,1161
041590,플래스크,KOSDAQ,1160
008700,아남전자,KOSPI,1159
038460,바이오스마트,KOSDAQ,1159
305090,마이크로디지탈,KOSDAQ,1158
208370,셀바스헬스케어,KOSDAQ,1158
298540,더네이쳐홀딩스,KOSDAQ,1156
002200,한국수출포장,KOSPI,1156
308080,바이젠셀,KOSDAQ,1154
048550,SM C&C,KOSDAQ,1153
002450,삼익악기,KOSPI,1152
096350,대창솔루션,KOSDAQ,1151
339950,아이비김영,KOSDAQ,1150
227840,현대코퍼레이션홀딩스,KOSPI,1148
096240,크레버스,KOSDAQ,1146
088390,이녹스,KOSDAQ,1146
086960,MDS테크,KOSDAQ,1145
172670,에이엘티,KOSDAQ,1144
030960,양지사,KOSDAQ,1144
036420,콘텐트리중앙,KOSPI,1142
047820,초록뱀미디어,KOSDAQ,1140
039340,한국경제TV,KOSDAQ,1140
053260,금강철강,KOSDAQ,1140
036630,세종텔레콤,KOSDAQ,1140
370090,퓨런티어,KOSDAQ,1132
362320,청담글로벌,KOSDAQ,1131
377480,마음AI,KOSDAQ,1131
084650,랩지노믹스,KOSDAQ,1130
163730,핑거,KOSDAQ,1130
006840,AK홀딩스,KOSPI,1130
024880,케이피에프,KOSDAQ,1127
089230,THE E&M,KOSDAQ,1125
192250,케이사인,KOSDAQ,1122
059270,해성에어로보틱스,KOSDAQ,1122
079980,휴비스,KOSPI,1121
013360,일성건설,KOSPI,1121
039830,오로라,KOSDAQ,1118
317830,에스피시스템스,KOSDAQ,1117
038680,에스넷,KOSDAQ,1117
303810,동국생명과학,KOSDAQ,1116
024740,한일단조,KOSDAQ,1115
187790,나노,KOSDAQ,1110
091120,이엠텍,KOSDAQ,1110
412350,레이저쎌,KOSDAQ,1107
001275,부국증권우,KOSPI,1102
448710,코츠테크놀로지,KOSDAQ,1101
950190,고스트스튜디오,KOSDAQ,1098
124560,태웅로직스,KOSDAQ,1095
011810,STX,KOSPI,1094
191420,테고사이언스,KOSDAQ,1094
063160,종근당바이오,KOSPI,1092
348150,고바이오랩,KOSDAQ,1091
017370,우신시스템,KOSPI,1089
007980,TP,KOSPI,1087
008260,NI스틸,KOSPI,1086
205500,넥써쓰,KOSDAQ,1086
460940,피앤에스로보틱스,KOSDAQ,1085
101670,하이드로리튬,KOSDAQ,1084
011370,서한,KOSDAQ,1080
004840,DRB동일,KOSPI,1080
315640,딥노이드,KOSDAQ,1079
149980,하이로닉,KOSDAQ,1078
039980,폴라리스AI,KOSDAQ,1077
264900,크라운제과,KOSPI,1077
023450,동남합성,KOSPI,1072
006140,피제이전자,KOSDAQ,1072
054670,대한뉴팜,KOSDAQ,1070
451220,아이엠티,KOSDAQ,1069
001540,안국약품,KOSDAQ,1066
348350,위드텍,KOSDAQ,1066
461030,아이엠비디엑스,KOSDAQ,1066
009200,무림페이퍼,KOSPI,1065
396300,세아메카닉스,KOSDAQ,1063
056360,코위버,KOSDAQ,1062
311690,CJ 바이오사이언스,KOSDAQ,1062
331920,셀레믹스,KOSDAQ,1061
163560,동일고무벨트,KOSPI,1056
33626K,두산퓨얼셀1우,KOSPI,1055
009300,삼아제약,KOSDAQ,1055
032560,황금에스티,KOSPI,1054
040910,아이씨디,KOSDAQ,1053
005740,크라운해태홀딩스,KOSPI,1051
173130,오파스넷,KOSDAQ,1050
277880,티에스아이,KOSDAQ,1049
002700,신일전자,KOSPI,1044
060560,HC홈센타,KOSDAQ,1043
041930,동아화성,KOSDAQ,1042
175140,휴먼테크놀로지,KOSDAQ,1038
382480,지아이텍,KOSDAQ,1037
265560,영화테크,KOSDAQ,1036
357230,에이치피오,KOSDAQ,1036
205470,휴마시스,KOSDAQ,1036
105740,디케이락,KOSDAQ,1036
083790,CG인바이츠,KOSDAQ,1034
043610,KT지니뮤직,KOSDAQ,1032
159010,아스플로,KOSDAQ,1030
002720,국제약품,KOSPI,1030
006660,삼성공조,KOSPI,1030
228850,레이언스,KOSDAQ,1030
299170,더블유에스아이,KOSDAQ,1029
120240,대정화금,KOSDAQ,1021
058860,KTis,KOSPI,1021
019550,SBI인베스트먼트,KOSDAQ,1021
006890,태경케미컬,KOSPI,1018
091440,한울소재과학,KOSDAQ,1017
227950,엔투텍,KOSDAQ,1014
033230,인성정보,KOSDAQ,1012
066590,스모트로닉,KOSDAQ,1011
000105,유한양행우,KOSPI,1009
058630,엠게임,KOSDAQ,1008
119650,KC코트렐,KOSPI,1007
058400,KNN,KOSDAQ,1007
352090,스톰테크,KOSDAQ,1006
413390,엠오티,KOSDAQ,1006
000180,성창기업지주,KOSPI,1004
010960,삼호개발,KOSPI,1000
007820,에스엠코어,KOSDAQ,999
082850,우리바이오,KOSDAQ,998
382150,온코크로스,KOSDAQ,997
001260,남광토건,KOSPI,997
035610,솔본,KOSDAQ,995
011150,CJ씨푸드,KOSPI,995
246720,아스타,KOSDAQ,994
347860,알체라,KOSDAQ,992
012700,리드코프,KOSDAQ,992
004650,창해에탄올,KOSDAQ,992
443250,레뷰코퍼레이션,KOSDAQ,991
078935,GS우,KOSPI,990
222110,팬젠,KOSDAQ,990
033320,제이씨현시스템,KOSDAQ,990
004060,SG세계물산,KOSPI,989
033130,디지틀조선,KOSDAQ,987
109070,주성코퍼레이션,KOSPI,985
049480,오픈베이스,KOSDAQ,985
311320,지오엘리먼트,KOSDAQ,983
234300,에스트래픽,KOSDAQ,983
323350,다원넥스뷰,KOSDAQ,982
039610,화성밸브,KOSDAQ,981
048910,대원미디어,KOSDAQ,981
060570,드림어스컴퍼니,KOSDAQ,978
060590,씨티씨바이오,KOSDAQ,978
214270,FSN,KOSDAQ,977
048430,유라테크,KOSDAQ,974
066790,씨씨에스,KOSDAQ,972
044340,위닉스,KOSDAQ,972
024840,KBI메탈,KOSDAQ,972
302550,리메드,KOSDAQ,972
093920,서원인텍,KOSDAQ,970
084730,팅크웨어,KOSDAQ,969
041910,폴라리스AI파마,KOSDAQ,966
104040,대성파인텍,KOSDAQ,966
068240,다원시스,KOSDAQ,965
212560,네오오토,KOSDAQ,965
007460,에이프로젠,KOSPI,964
014440,영보화학,KOSPI,964
137950,제이씨케미칼,KOSDAQ,961
241690,유니테크노,KOSDAQ,958
348080,큐라티스,KOSDAQ,957
019540,일지테크,KOSDAQ,956
217330,싸이토젠,KOSDAQ,955
014950,삼익제약,KOSDAQ,953
004440,삼일씨엔에스,KOSPI,953
419050,삼기에너지솔루션즈,KOSDAQ,951
025550,한국선재,KOSDAQ,951
013870,지엠비코리아,KOSPI,950
347890,엠투아이,KOSDAQ,948
0010F0,보원케미칼,KOSDAQ,947
085310,엔케이,KOSPI,945
105550,엣지파운드리,KOSDAQ,945
110790,크리스에프앤씨,KOSDAQ,944
463480,모티브링크,KOSDAQ,944
005750,대림바스,KOSPI,943
261780,차백신연구소,KOSDAQ,940
040420,정상제이엘에스,KOSDAQ,939
023000,삼원강재,KOSPI,938
131400,이브이첨단소재,KOSDAQ,936
222040,코스맥스엔비티,KOSDAQ,936
067570,엔브이에이치코리아,KOSDAQ,936
094840,슈프리마에이치큐,KOSDAQ,935
126880,제이엔케이글로벌,KOSDAQ,935
187420,HLB제넥스,KOSDAQ,933
109080,옵티시스,KOSDAQ,932
251630,브이원텍,KOSDAQ,931
099220,SDN,KOSDAQ,930
036090,위지트,KOSDAQ,928
950220,네오이뮨텍,KOSDAQ,927
065510,휴비츠,KOSDAQ,926
007280,한국특강,KOSPI,926
046940,우원개발,KOSDAQ,925
263800,데이타솔루션,KOSDAQ,924
360350,코셈,KOSDAQ,924
263600,덕우전자,KOSDAQ,923
024830,세원물산,KOSDAQ,919
009180,한솔로지스틱스,KOSPI,919
027830,대성창투,KOSDAQ,917
068290,삼성출판사,KOSPI,917
273640,와이엠텍,KOSDAQ,916
214260,라파스,KOSDAQ,915
096775,SK이노베이션우,KOSPI,915
102370,케이옥션,KOSDAQ,914
396690,미래에셋글로벌리츠,KOSPI,914
290670,대보마그네틱,KOSDAQ,914
478560,블랙야크아이앤씨,KOSDAQ,911
031820,아이티센씨티에스,KOSPI,911
004890,동일산업,KOSPI,910
052860,아이앤씨,KOSDAQ,909
071090,하이스틸,KOSPI,908
453860,에이에스텍,KOSDAQ,908
016250,SGC E&C,KOSDAQ,906
072020,중앙백신,KOSDAQ,905
100220,비상교육,KOSPI,901
451250,삐아,KOSDAQ,900
000590,CS홀딩스,KOSPI,900
088280,쏘닉스,KOSDAQ,899
019990,에너토크,KOSDAQ,898
054040,한국컴퓨터,KOSDAQ,896
128660,피제이메탈,KOSDAQ,895
002800,신신제약,KOSDAQ,895
338100,NH프라임리츠,KOSPI,894
111380,동인기연,KOSPI,893
071670,에이테크솔루션,KOSDAQ,893
376930,노을,KOSDAQ,892
032850,비트컴퓨터,KOSDAQ,892
203690,아크솔루션스,KOSDAQ,891
170030,현대공업,KOSDAQ,891
217500,러셀,KOSDAQ,890
081150,티플랙스,KOSDAQ,889
067920,이글루,KOSDAQ,887
064800,포니링크,KOSDAQ,886
065440,이루온,KOSDAQ,886
217190,제너셈,KOSDAQ,881
900250,크리스탈신소재,KOSDAQ,881
053280,예스24,KOSDAQ,880
207760,미스터블루,KOSDAQ,878
391710,코닉오토메이션,KOSDAQ,875
347000,센코,KOSDAQ,873
296160,프로젠,KONEX,871
373200,엑스플러스,KOSDAQ,871
001560,제일연마,KOSPI,871
136410,아셈스,KOSDAQ,871
253840,수젠텍,KOSDAQ,870
002600,조흥,KOSPI,869
214330,금호에이치티,KOSPI,867
435570,에르코스,KOSDAQ,867
340360,다보링크,KOSDAQ,867
130580,나이스디앤비,KOSDAQ,867
216050,인크로스,KOSDAQ,866
290660,네오펙트,KOSDAQ,866
089850,유비벨록스,KOSDAQ,866
299660,셀리드,KOSDAQ,865
036640,HRS,KOSDAQ,865
052900,KX하이텍,KOSDAQ,865
006880,신송홀딩스,KOSPI,864
014470,부방,KOSDAQ,862
012690,모나리자,KOSPI,859
261520,이지스,KOSDAQ,859
039010,현대에이치티,KOSDAQ,853
452400,이닉스,KOSDAQ,853
049470,비트플래닛,KOSDAQ,852
004720,팜젠사이언스,KOSPI,851
045660,에이텍,KOSDAQ,851
094940,푸른기술,KOSDAQ,851
378800,샤페론,KOSDAQ,845
475430,키스트론,KOSDAQ,844
054930,유신,KOSDAQ,843
011320,유니크,KOSDAQ,841
041460,한국전자인증,KOSDAQ,839
049180,셀루메드,KOSDAQ,839
183490,엔지켐생명과학,KOSDAQ,837
204840,지엘팜텍,KOSDAQ,837
215360,우리산업,KOSDAQ,837
208140,정다운,KOSDAQ,836
066980,한성크린텍,KOSDAQ,836
184230,SGA솔루션즈,KOSDAQ,834
321820,아티스트컴퍼니,KOSDAQ,834
055490,테이팩스,KOSPI,833
011390,부산산업,KOSPI,828
142280,녹십자엠에스,KOSDAQ,826
294140,레몬,KOSDAQ,825
458350,에스팀,KOSDAQ,824
140070,서플러스글로벌,KOSDAQ,824
007590,동방아그로,KOSPI,823
053350,이니텍,KOSDAQ,823
226330,신테카바이오,KOSDAQ,823
180060,탑선,KONEX,822
111710,남화산업,KOSDAQ,822
010040,한국내화,KOSPI,821
032540,TJ미디어,KOSDAQ,820
459100,위츠,KOSDAQ,820
123420,위메이드플레이,KOSDAQ,819
009770,삼정펄프,KOSPI,818
037440,희림,KOSDAQ,818
000850,화천기공,KOSPI,818
013700,까뮤이앤씨,KOSPI,817
456570,아이엠지티,KONEX,816
168330,내츄럴엔도텍,KOSDAQ,816
104620,노랑풍선,KOSDAQ,815
175250,아이큐어,KOSDAQ,815
000725,현대건설우,KOSPI,813
023810,인팩,KOSPI,811
069730,DSR제강,KOSPI,810
246690,TS인베스트먼트,KOSDAQ,810
412540,제일엠앤에스,KOSDAQ,810
101140,인바이오젠,KOSPI,809
417790,트루엔,KOSDAQ,806
053050,지에스이,KOSDAQ,805
120115,코오롱인더우,KOSPI,804
317690,퀀타매트릭스,KOSDAQ,803
163280,에어레인,KOSDAQ,799
001550,조비,KOSPI,798
053450,세코닉스,KOSDAQ,797
037230,한국팩키지,KOSDAQ,797
001470,삼부토건,KOSPI,796
321260,프로이천,KOSDAQ,796
018500,동원금속,KOSPI,796
017650,대림제지,KOSDAQ,795
222160,NPX,KOSDAQ,795
061250,화일약품,KOSDAQ,793
153710,옵티팜,KOSDAQ,793
037760,쎄니트,KOSDAQ,793
317850,대모,KOSDAQ,792
038060,루멘스,KOSDAQ,792
042940,상지건설,KOSDAQ,792
408900,스튜디오미르,KOSDAQ,790
331380,포커스에이아이,KOSDAQ,790
424980,마이크로투나노,KOSDAQ,790
159580,제로투세븐,KOSDAQ,790
004540,깨끗한나라,KOSPI,789
006090,사조오양,KOSPI,787
212710,아이에스티이,KOSDAQ,787
039020,이건홀딩스,KOSDAQ,787
066430,아이로보틱스,KOSDAQ,786
260930,씨티케이,KOSDAQ,785
043650,국순당,KOSDAQ,783
134580,탑코미디어,KOSDAQ,783
043710,서울리거,KOSDAQ,783
004830,덕성,KOSPI,782
039240,경남스틸,KOSDAQ,782
246960,SCL사이언스,KOSDAQ,782
262260,에이프로,KOSDAQ,781
171120,라이온켐텍,KOSDAQ,780
004590,한국가구,KOSDAQ,780
060310,3S,KOSDAQ,778
299900,위지윅스튜디오,KOSDAQ,778
241790,티이엠씨씨엔에스,KOSDAQ,777
162300,신스틸,KOSDAQ,775
016090,대현,KOSPI,775
058730,다스코,KOSPI,774
170790,파이오링크,KOSDAQ,774
317870,엔바이오니아,KOSDAQ,773
076610,해성옵틱스,KOSDAQ,773
0013V0,삼진식품,KOSDAQ,772
900260,로스웰,KOSDAQ,771
302430,이노메트리,KOSDAQ,769
306040,에스제이그룹,KOSDAQ,769
003780,진양산업,KOSPI,765
001620,케이비아이동국실업,KOSPI,765
003925,남양유업우,KOSPI,765
234100,폴라리스세원,KOSDAQ,762
127710,아시아경제,KOSDAQ,762
027050,코리아나,KOSDAQ,761
003010,혜인,KOSPI,761
012790,신일제약,KOSDAQ,761
145170,노브랜드,KOSDAQ,760
017480,삼현철강,KOSDAQ,760
036000,예림당,KOSDAQ,758
094850,참좋은여행,KOSDAQ,758
072130,유엔젤,KOSPI,756
446840,지슨,KOSDAQ,756
040610,SG&G,KOSDAQ,755
002795,아모레퍼시픽홀딩스우,KOSPI,753
155650,와이엠씨,KOSDAQ,753
024900,디와이덕양,KOSPI,752
024910,경창산업,KOSDAQ,752
480370,씨케이솔루션,KOSPI,751
198440,강동씨앤엘,KOSDAQ,749
072990,에이치시티,KOSDAQ,748
129260,인터지스,KOSPI,746
010280,아이티센엔텍,KOSDAQ,745
047400,유니온머티리얼,KOSPI,744
067370,선바이오,KOSDAQ,737
036120,서울평가정보,KOSDAQ,736
052220,iMBC,KOSDAQ,736
104540,코렌텍,KOSDAQ,735
206560,덱스터,KOSDAQ,734
033310,엠투엔,KOSDAQ,734
291650,압타머사이언스,KOSDAQ,733
000220,유유제약,KOSPI,733
042110,에스씨디,KOSDAQ,733
479960,위너스,KOSDAQ,731
219550,디와이디,KOSDAQ,730
289220,자이언트스텝,KOSDAQ,729
459550,알트,KOSDAQ,729
393210,토마토시스템,KOSDAQ,727
065500,오리엔트정공,KOSDAQ,724
010470,오리콤,KOSDAQ,724
015710,코콤,KOSDAQ,724
033170,시그네틱스,KOSDAQ,722
317530,캐리소프트,KOSDAQ,720
234920,자이글,KOSDAQ,718
006980,우성,KOSPI,718
155660,DSR,KOSPI,717
040350,크레오에스지,KOSDAQ,714
039420,케이엘넷,KOSDAQ,713
002140,고려산업,KOSPI,713
011000,진원생명과학,KOSPI,711
111110,호전실업,KOSPI,710
021050,서원,KOSPI,710
002760,보락,KOSPI,710
072470,우리산업홀딩스,KOSDAQ,709
332370,아이디피,KOSDAQ,707
095910,에스에너지,KOSDAQ,706
000910,유니온,KOSPI,705
036670,삼양케이씨아이,KOSDAQ,704
153460,네이블,KOSDAQ,701
173940,에프엔씨엔터,KOSDAQ,701
460870,에스엠씨지,KOSDAQ,700
070300,엑스큐어,KOSDAQ,700
199550,레이저옵텍,KOSDAQ,700
318160,셀바이오휴먼텍,KOSDAQ,697
073640,테라사이언스,KOSDAQ,695
068330,일신바이오,KOSDAQ,694
063440,SM Life Design,KOSDAQ,694
347740,피엔케이피부임상연구센타,KOSDAQ,693
010240,흥국,KOSDAQ,692
061040,알에프텍,KOSDAQ,691
078590,휴림에이텍,KOSDAQ,691
372910,한컴라이프케어,KOSPI,690
004410,서울식품,KOSPI,690
087260,모바일어플라이언스,KOSDAQ,690
122310,제노레이,KOSDAQ,688
035460,기산텔레콤,KOSDAQ,688
001465,BYC우,KOSPI,687
065170,비엘팜텍,KOSDAQ,686
002630,오리엔트바이오,KOSPI,686
307870,비투엔,KOSDAQ,686
288620,에스퓨얼셀,KOSDAQ,686
950200,소마젠,KOSDAQ,685
196300,HLB펩,KOSDAQ,684
050960,수산아이앤티,KOSDAQ,683
222420,쎄노텍,KOSDAQ,683
457370,한켐,KOSDAQ,682
006370,대구백화점,KOSPI,681
009835,한화솔루션우,KOSPI,679
092440,기신정기,KOSPI,678
064240,홈캐스트,KOSDAQ,678
373160,데이원컴퍼니,KOSDAQ,677
089150,케이씨티,KOSDAQ,676
082210,옵트론텍,KOSDAQ,674
37550K,DL이앤씨우,KOSPI,674
049550,잉크테크,KOSDAQ,673
333620,엔시스,KOSDAQ,672
352910,오비고,KOSDAQ,672
143540,영우디에스피,KOSDAQ,672
037330,인지디스플레,KOSDAQ,671
007370,진양제약,KOSDAQ,669
099410,동방선기,KOSDAQ,669
109860,동일금속,KOSDAQ,668
452300,캡스톤파트너스,KOSDAQ,667
413640,비아이매트릭스,KOSDAQ,665
054300,팬스타엔터프라이즈,KOSDAQ,664
066360,체리부로,KOSDAQ,663
189980,흥국에프엔비,KOSDAQ,663
053270,구영테크,KOSDAQ,661
080010,이상네트웍스,KOSDAQ,657
045340,토탈소프트,KOSDAQ,656
088910,동우팜투테이블,KOSDAQ,656
407400,꿈비,KOSDAQ,655
092300,현우산업,KOSDAQ,655
378850,화승알앤에이,KOSPI,653
250030,진코스텍,KONEX,653
263690,디알젬,KOSDAQ,652
384470,코어라인소프트,KOSDAQ,651
218150,미래생명자원,KOSDAQ,651
072770,멤레이비티,KOSDAQ,650
123010,알엔티엑스,KOSDAQ,649
430690,한싹,KOSDAQ,649
303360,프로티아,KOSDAQ,649
014190,원익큐브,KOSDAQ,648
004920,씨아이테크,KOSPI,647
097800,윈팩,KOSDAQ,646
137080,나래나노텍,KOSDAQ,645
261200,덴티스,KOSDAQ,645
004780,대륙제관,KOSDAQ,645
096630,에스코넥,KOSDAQ,645
004770,써니전자,KOSPI,643
0010V0,제이피아이헬스케어,KOSDAQ,643
232830,아이티센피엔에스,KOSDAQ,642
092780,DYP,KOSPI,639
004910,조광페인트,KOSPI,638
033830,티비씨,KOSDAQ,637
052790,액토즈소프트,KOSDAQ,636
215090,솔디펜스,KOSDAQ,636
104200,NHN벅스,KOSDAQ,636
008370,원풍,KOSDAQ,633
033560,블루콤,KOSDAQ,632
025560,미래산업,KOSPI,632
177900,쓰리에이로직스,KOSDAQ,630
465480,인스피언,KOSDAQ,630
089790,제이티,KOSDAQ,630
238120,얼라인드,KOSDAQ,629
005305,롯데칠성우,KOSPI,628
114450,그린생명과학,KOSDAQ,628
011330,유니켐,KOSPI,627
001840,이화공영,KOSDAQ,625
452200,민테크,KOSDAQ,624
198080,캐프,KOSDAQ,624
093240,형지엘리트,KOSPI,624
369370,블리츠웨이엔터테인먼트,KOSDAQ,622
017180,명문제약,KOSPI,622
090410,덕신이피씨,KOSDAQ,622
297570,알로이스,KOSDAQ,621
053620,태양,KOSDAQ,621
466410,사이냅소프트,KOSDAQ,621
365590,하이딥,KOSDAQ,620
127980,화인써키트,KOSDAQ,620
049800,우진플라임,KOSPI,620
294090,이오플로우,KOSDAQ,619
419080,엔젯,KOSDAQ,619
351330,이삭엔지니어링,KOSDAQ,618
053980,오상자이엘,KOSDAQ,617
450330,하스,KOSDAQ,617
419120,산돌,KOSDAQ,616
079000,와토스코리아,KOSDAQ,614
009190,대양금속,KOSPI,614
357250,미래에셋맵스리츠,KOSPI,613
277070,린드먼아시아,KOSDAQ,613
005670,푸드웰,KOSDAQ,612
237820,플레이디,KOSDAQ,611
340440,세림B&G,KOSDAQ,611
094970,제이엠티,KOSDAQ,610
100030,인지소프트,KOSDAQ,609
000890,보해양조,KOSPI,607
403490,우듬지팜,KOSDAQ,605
041650,상신브레이크,KOSPI,604
004450,삼화왕관,KOSPI,604
196450,코아시아씨엠,KOSDAQ,603
185490,아이진,KOSDAQ,603
006920,모헨즈,KOSDAQ,602
014990,인디에프,KOSPI,602
229000,젠큐릭스,KOSDAQ,602
038010,제일테크노스,KOSDAQ,601
053950,경남제약,KOSDAQ,600
452160,제이엔비,KOSDAQ,599
037950,엘컴텍,KOSDAQ,598
364950,에이아이코리아,KOSDAQ,597
007680,대원,KOSDAQ,597
038070,서린바이오,KOSDAQ,595
223310,사토시홀딩스,KOSDAQ,592
440290,HB인베스트먼트,KOSDAQ,591
28513K,SK케미칼우,KOSPI,591
311390,네오크레마,KOSDAQ,590
256630,포인트엔지니어링,KOSDAQ,590
052460,아이크래프트,KOSDAQ,590
000950,전방,KOSPI,589
150900,파수,KOSDAQ,588
003465,유화증권우,KOSPI,588
001210,금호전기,KOSPI,587
013720,THE CUBE&,KOSDAQ,587
075180,새론오토모티브,KOSPI,586
361570,알비더블유,KOSDAQ,586
219750,한국비티비,KOSDAQ,586
122350,삼기,KOSDAQ,585
010770,평화홀딩스,KOSPI,585
471820,셀로맥스사이언스,KOSDAQ,585
189690,포시에스,KOSDAQ,583
476080,M83,KOSDAQ,582
099520,DGI,KOSDAQ,581
105760,포스뱅크,KOSDAQ,581
023350,한국종합기술,KOSPI,580
033540,파라텍,KOSDAQ,579
123700,SJM,KOSPI,578
054780,키이스트,KOSDAQ,578
140430,카티스,KOSDAQ,577
179530,애드바이오텍,KOSDAQ,576
219420,링크제니시스,KOSDAQ,575
007815,코리아써우,KOSPI,575
245620,EDGC,KOSDAQ,574
007120,미래아이앤지,KOSPI,573
100660,서암기계공업,KOSDAQ,572
012280,영화금속,KOSPI,570
066130,하츠,KOSDAQ,568
033200,모아텍,KOSDAQ,568
056700,신화인터텍,KOSDAQ,568
043910,자연과환경,KOSDAQ,568
300120,라온피플,KOSDAQ,565
189860,서전기전,KOSDAQ,564
122690,서진오토모티브,KOSDAQ,564
006490,인스코비,KOSPI,563
003475,유안타증권우,KOSPI,563
053160,프리엠스,KOSDAQ,562
434480,모니터랩,KOSDAQ,562
090080,평화산업,KOSPI,562
011300,성안머티리얼스,KOSPI,561
133820,화인베스틸,KOSPI,561
026940,부국철강,KOSPI,561
097870,효성오앤비,KOSDAQ,560
067170,오텍,KOSDAQ,557
032960,동일기연,KOSDAQ,557
088340,유라클,KOSDAQ,555
340930,유일에너테크,KOSDAQ,555
307280,원바이오젠,KOSDAQ,553
025530,SJM홀딩스,KOSPI,553
432430,와이랩,KOSDAQ,553
012160,영흥,KOSPI,552
332290,누보,KOSDAQ,550
064480,브리지텍,KOSDAQ,549
126640,화신정공,KOSDAQ,548
217480,에스디생명공학,KOSDAQ,547
024950,삼천리자전거,KOSDAQ,546
190650,코리아에셋투자증권,KOSDAQ,545
103840,우양,KOSDAQ,545
352700,씨앤투스,KOSDAQ,543
314140,알피바이오,KOSDAQ,543
239890,피엔에이치테크,KOSDAQ,542
081580,성우전자,KOSDAQ,542
069410,엔텔스,KOSDAQ,541
260660,알리코제약,KOSDAQ,541
086040,바이오톡스텍,KOSDAQ,540
065130,탑엔지니어링,KOSDAQ,540
031310,아이즈비전,KOSDAQ,540
007610,선도전기,KOSPI,540
221840,하이즈항공,KOSDAQ,539
106240,파인테크닉스,KOSDAQ,538
199480,뱅크웨어글로벌,KOSDAQ,538
171010,램테크놀러지,KOSDAQ,538
376180,피코그램,KOSDAQ,538
460470,아이빔테크놀로지,KOSDAQ,536
258610,케일럼,KOSDAQ,535
273060,와이즈버즈,KOSDAQ,534
200350,아티스트스튜디오,KOSDAQ,534
066670,디티씨,KOSDAQ,534
020180,대신정보통신,KOSDAQ,533
003080,SB성보,KOSPI,532
023960,에쓰씨엔지니어링,KOSPI,532
241840,에이스토리,KOSDAQ,532
032860,더라미,KOSDAQ,532
002410,범양건영,KOSPI,531
027740,마니커,KOSPI,531
026040,제이에스티나,KOSDAQ,531
073540,에프알텍,KOSDAQ,530
007530,와이엠,KOSDAQ,529
048770,TPC,KOSDAQ,527
355390,크라우드웍스,KOSDAQ,527
043340,에쎈테크,KOSDAQ,527
363250,진시스템,KOSDAQ,525
250000,보라티알,KOSDAQ,525
444530,심플랫폼,KOSDAQ,524
060850,영림원소프트랩,KOSDAQ,522
051490,나라엠앤디,KOSDAQ,521
046310,백금T&A,KOSDAQ,520
388610,지에프씨생명과학,KOSDAQ,520
009320,아진전자부품,KOSPI,520
091590,남화토건,KOSDAQ,520
025880,케이씨피드,KOSDAQ,518
189330,씨이랩,KOSDAQ,517
006125,SK디스커버리우,KOSPI,517
016600,큐캐피탈,KOSDAQ,516
417860,오브젠,KOSDAQ,516
186230,그린플러스,KOSDAQ,516
096610,알에프세미,KOSDAQ,515
011420,갤럭시아에스엠,KOSPI,514
215380,우정바이오,KOSDAQ,514
160550,NEW,KOSDAQ,513
464500,아이언디바이스,KOSDAQ,511
335810,프리시젼바이오,KOSDAQ,511
320000,한울반도체,KOSDAQ,511
057540,옴니시스템,KOSDAQ,510
263700,케어랩스,KOSDAQ,508
097780,에코볼트,KOSDAQ,507
038880,아이에이,KOSDAQ,507
128540,에코캡,KOSDAQ,506
006050,국영지앤엠,KOSDAQ,506
073110,엘엠에스,KOSDAQ,506
290090,트윔,KOSDAQ,505
051630,진양화학,KOSPI,505
393970,대진첨단소재,KOSDAQ,504
008420,문배철강,KOSPI,502
087600,픽셀플러스,KOSDAQ,502
011230,삼화전자,KOSPI,501
002290,삼일기업공사,KOSDAQ,500
044960,이글벳,KOSDAQ,500
376290,씨유테크,KOSDAQ,500
263810,상신전자,KOSDAQ,499
263770,유에스티,KOSDAQ,498
129890,앱코,KOSDAQ,498
003060,에이프로젠바이오로직스,KOSPI,498
002920,유성기업,KOSPI,497
224110,에이텍모빌리티,KOSDAQ,497
051390,YW,KOSDAQ,496
080520,오디텍,KOSDAQ,495
270870,뉴트리,KOSDAQ,495
178780,일월지엠엘,KOSDAQ,494
481850,신한글로벌액티브리츠,KOSPI,494
001000,신라섬유,KOSDAQ,494
001380,SG글로벌,KOSPI,493
336060,웨이버스,KOSDAQ,493
119500,포메탈,KOSDAQ,492
052600,한네트,KOSDAQ,490
363260,모비데이즈,KOSDAQ,490
200230,텔콘RF제약,KOSDAQ,488
420570,제이투케이바이오,KOSDAQ,488
000215,DL우,KOSPI,486
258790,소프트캠프,KOSDAQ,485
288980,모아데이타,KOSDAQ,484
083550,케이엠,KOSDAQ,483
257990,나우코스,KONEX,483
001810,무림SP,KOSDAQ,482
140520,대창스틸,KOSDAQ,482
019770,서연탑메탈,KOSDAQ,482
464280,티디에스팜,KOSDAQ,482
027040,서울전자통신,KOSDAQ,480
058110,멕아이씨에스,KOSDAQ,479
354200,엔젠바이오,KOSDAQ,479
082660,코스나인,KOSDAQ,478
308170,씨티알모빌리티,KOSPI,477
220180,핸디소프트,KOSDAQ,477
418250,시큐레터,KOSDAQ,476
383930,디티앤씨알오,KOSDAQ,474
450520,인스웨이브,KOSDAQ,473
351870,차이커뮤니케이션,KOSDAQ,471
206400,베노티앤알,KOSDAQ,470
023440,제이스코홀딩스,KOSDAQ,469
101240,씨큐브,KOSDAQ,468
131760,파인텍,KOSDAQ,467
271830,팸텍,KOSDAQ,467
203450,유니온바이오메트릭스,KOSDAQ,467
002360,SH에너지화학,KOSPI,466
068050,팬엔터테인먼트,KOSDAQ,465
020760,일진디스플,KOSPI,464
057030,YBM넷,KOSDAQ,463
069460,대호에이엘,KOSPI,463
022220,티케이지애강,KOSDAQ,463
356890,싸이버원,KOSDAQ,462
037370,EG,KOSDAQ,459
317120,라닉스,KOSDAQ,459
208860,다산디엠씨,KOSDAQ,458
290560,파라택시스이더리움,KOSDAQ,458
195990,에이비프로바이오,KOSDAQ,458
050860,아세아텍,KOSDAQ,457
000760,이화산업,KOSPI,457
035200,프럼파스트,KOSDAQ,457
075130,플랜티넷,KOSDAQ,457
049830,승일,KOSDAQ,456
109820,진매트릭스,KOSDAQ,456
263020,디케이앤디,KOSDAQ,456
200780,비씨월드제약,KOSDAQ,456
398120,에스지헬스케어,KOSDAQ,455
208710,포톤,KOSDAQ,455
043200,파루,KOSDAQ,454
032790,엠젠솔루션,KOSDAQ,454
277410,인산가,KOSDAQ,454
016670,디모아,KOSDAQ,453
008870,금비,KOSPI,453
462510,라메디텍,KOSDAQ,452
080530,코디,KOSDAQ,452
008250,이건산업,KOSPI,452
256150,한독크린텍,KOSDAQ,451
014570,고려제약,KOSDAQ,451
462980,아이지넷,KOSDAQ,451
005030,부산주공,KOSPI,450
317240,TS트릴리온,KOSDAQ,450
359090,씨엔알리서치,KOSDAQ,449
038870,에코바이오,KOSDAQ,449
003535,한화투자증권우,KOSPI,449
065950,웰크론,KOSDAQ,449
239610,에이치엘사이언스,KOSDAQ,449
039290,인포뱅크,KOSDAQ,448
270520,앱튼,KOSDAQ,448
195500,마니커에프앤지,KOSDAQ,448
074610,이엔플러스,KOSPI,448
475460,미트박스,KOSDAQ,446
123570,이엠넷,KOSDAQ,445
373170,엠아이큐브솔루션,KOSDAQ,445
024120,KB오토시스,KOSDAQ,443
084870,TBH글로벌,KOSPI,443
046390,삼화네트웍스,KOSDAQ,442
286750,나노실리칸첨단소재,KOSDAQ,441
465770,STX그린로지스,KOSPI,441
288330,파라택시스코리아,KOSDAQ,441
057680,티사이언티픽,KOSDAQ,441
475660,에스켐,KOSDAQ,440
290120,DH오토리드,KOSDAQ,440
466910,엔에이치스팩30호,KOSDAQ,440
013810,스페코,KOSDAQ,440
065650,하이퍼코퍼레이션,KOSDAQ,440
469750,아이비젼웍스,KOSDAQ,440
133750,메가엠디,KOSDAQ,439
200580,메디쎄이,KONEX,439
122830,원포유,KONEX,436
357430,마스턴프리미어리츠,KOSPI,436
429270,시지트로닉스,KOSDAQ,435
025750,한솔홈데코,KOSPI,434
145270,케이탑리츠,KOSPI,433
050120,ES큐브,KOSDAQ,432
290270,휴네시온,KOSDAQ,432
318020,포인트모바일,KOSDAQ,431
238490,힘스,KOSDAQ,430
239340,이스트에이드,KOSDAQ,428
204020,그리티,KOSDAQ,425
025440,DH오토웨어,KOSDAQ,425
002880,디와이에이,KOSPI,424
007720,소노스퀘어,KOSDAQ,424
086060,진바이오텍,KOSDAQ,423
455180,케이지에이,KOSDAQ,422
254120,자비스,KOSDAQ,422
153490,우리이앤엘,KOSDAQ,421
148780,비큐AI,KOSDAQ,421
35320K,대덕전자1우,KOSPI,421
002870,신풍,KOSPI,420
021880,메이슨캐피탈,KOSDAQ,420
221980,케이디켐,KOSDAQ,419
340810,시선AI,KOSDAQ,419
066910,손오공,KOSDAQ,419
159910,에코글로우,KOSDAQ,418
075970,동국알앤에스,KOSDAQ,418
228340,동양파일,KOSDAQ,418
114630,폴라리스우노,KOSDAQ,415
351320,넥사다이내믹스,KOSDAQ,415
303530,이노뎁,KOSDAQ,414
900300,오가닉티코스메틱,KOSDAQ,414
019490,엑시큐어하이트론,KOSPI,413
131100,티엔엔터테인먼트,KOSDAQ,412
318410,비비씨,KOSDAQ,407
045060,오공,KOSDAQ,407
012620,원일특강,KOSDAQ,407
291230,엔피,KOSDAQ,404
017040,광명전기,KOSPI,403
347770,핌스,KOSDAQ,402
065370,위세아이텍,KOSDAQ,402
263920,휴엠앤씨,KOSDAQ,401
243870,아이티센코어,KONEX,399
387570,파인메딕스,KOSDAQ,398
285800,진영,KOSDAQ,398
257370,피엔티엠에스,KOSDAQ,398
010640,진양폴리,KOSPI,397
064090,인크레더블버즈,KOSDAQ,396
452980,신한제11호스팩,KOSDAQ,396
148250,알엔투테크놀로지,KOSDAQ,395
296640,이노룰스,KOSDAQ,395
109960,앱토크롬,KOSDAQ,395
147760,피엠티,KOSDAQ,394
090150,아이윈,KOSDAQ,394
000040,KR모터스,KOSPI,393
053290,NE능률,KOSDAQ,392
014910,성문전자,KOSPI,391
015260,에이엔피,KOSPI,390
064520,테크엘,KOSDAQ,390
142760,모아라이프플러스,KOSDAQ,390
032580,피델릭스,KOSDAQ,388
134790,시디즈,KOSPI,388
464580,닷밀,KOSDAQ,388
118000,메타케어,KOSPI,388
099390,브레인즈컴퍼니,KOSDAQ,387
353590,오토앤,KOSDAQ,387
169330,엠브레인,KOSDAQ,387
298060,에스씨엠생명과학,KOSDAQ,387
274400,이노시뮬레이션,KOSDAQ,386
187270,신화콘텍,KOSDAQ,385
290520,신도기연,KOSDAQ,385
027580,상보,KOSDAQ,384
019175,신풍제약우,KOSPI,382
002420,세기상사,KOSPI,382
177830,파버나인,KOSDAQ,381
130500,GH신소재,KOSDAQ,381
050110,캠시스,KOSDAQ,381
318000,KBG,KOSDAQ,381
006200,한국전자홀딩스,KOSPI,380
038620,위즈코프,KOSDAQ,380
017000,신원종합개발,KOSDAQ,380
187220,디티앤씨,KOSDAQ,378
146060,율촌,KOSDAQ,378
021650,한국큐빅,KOSDAQ,377
438700,버넥트,KOSDAQ,377
112190,KC산업,KONEX,376
262840,아이퀘스트,KOSDAQ,376
059100,아이컴포넌트,KOSDAQ,376
225220,제놀루션,KOSDAQ,374
337840,유엑스엔,KONEX,370
071850,캐스텍코리아,KOSDAQ,369
301300,바이브컴퍼니,KOSDAQ,369
462310,뉴키즈온,KOSDAQ,368
377220,프롬바이오,KOSDAQ,367
310870,디와이씨,KOSDAQ,366
013000,세우글로벌,KOSPI,366
005320,온타이드,KOSPI,365
001070,대한방직,KOSPI,364
451700,엔에이치스팩29호,KOSDAQ,364
090370,메타랩스,KOSPI,363
33637K,솔루스첨단소재1우,KOSPI,362
019660,글로본,KOSDAQ,362
196490,디에이테크놀로지,KOSDAQ,362
065770,CS,KOSDAQ,362
333050,모코엠시스,KOSDAQ,361
009140,경인전자,KOSPI,361
002820,SUN&L,KOSPI,361
049120,파인디앤씨,KOSDAQ,360
004870,티웨이홀딩스,KOSPI,359
284620,카이노스메드,KOSDAQ,359
056730,CNT85,KOSDAQ,359
044480,빌리언스,KOSDAQ,358
038530,케이바이오,KOSDAQ,358
354390,바스칸바이오제약,KONEX,357
068940,셀피글로벌,KOSDAQ,357
054220,비츠로시스,KOSDAQ,356
094860,네오리진,KOSDAQ,356
079170,한창산업,KOSDAQ,356
367000,플래티어,KOSDAQ,355
023150,MH에탄올,KOSPI,353
073570,리튬포어스,KOSDAQ,353
123840,뉴온,KOSDAQ,353
263050,유틸렉스,KOSDAQ,353
009730,이렘,KOSDAQ,353
060540,에스에이티,KOSDAQ,353
431190,케이쓰리아이,KOSDAQ,352
005820,원림,KOSPI,351
342870,오아,KOSDAQ,351
051380,피씨디렉트,KOSDAQ,351
006740,블루산업개발,KOSPI,350
162120,루켄테크놀러지스,KONEX,350
131090,시큐브,KOSDAQ,350
131220,대한과학,KOSDAQ,350
376980,원티드랩,KOSDAQ,350
115480,씨유메디칼,KOSDAQ,349
236810,엔비티,KOSDAQ,347
440320,오픈놀,KOSDAQ,346
024940,PN풍년,KOSDAQ,346
038950,파인디지털,KOSDAQ,345
002690,동일제강,KOSPI,344
089140,넥스턴앤롤코리아,KOSDAQ,343
004365,세방우,KOSPI,343
210120,캔버스엔,KOSDAQ,343
303030,지니틱스,KOSDAQ,342
252500,세화피앤씨,KOSDAQ,342
227420,도부,KONEX,342
002025,코오롱우,KOSPI,341
101000,KS인더스트리,KOSDAQ,341
405920,나라셀라,KOSDAQ,341
009810,플레이그램,KOSPI,339
008470,부스타,KOSDAQ,338
009460,한창제지,KOSPI,338
088790,진도,KOSPI,337
047080,한빛소프트,KOSDAQ,337
048470,대동스틸,KOSDAQ,336
024890,대원화성,KOSPI,336
039740,한국정보공학,KOSDAQ,334
335870,윙스풋,KOSDAQ,333
068100,케이웨더,KOSDAQ,333
032750,삼진,KOSDAQ,333
446070,유니드비티플러스,KOSPI,333
014130,한익스프레스,KOSPI,333
067730,로지시스,KOSDAQ,331
900340,윙입푸드,KOSDAQ,331
018680,서울제약,KOSDAQ,329
045300,성우테크론,KOSDAQ,329
063760,이엘피,KOSDAQ,328
495810,유비씨,KONEX,328
066900,디에이피,KOSDAQ,327
179720,머니무브,KONEX,326
033050,제이엠아이,KOSDAQ,326
397810,애드포러스,KOSDAQ,326
138070,신진에스엠,KOSDAQ,323
270210,에스알바이오텍,KONEX,323
045510,정원엔시스,KOSDAQ,322
005360,모나미,KOSPI,322
096690,에이루트,KOSDAQ,321
003680,한성기업,KOSPI,321
900070,글로벌에스엠,KOSDAQ,320
322970,무진메디,KONEX,320
039310,세중,KOSDAQ,320
033250,체시스,KOSPI,319
900310,컬러레이,KOSDAQ,319
446440,에피바이오텍,KONEX,319
115160,휴맥스,KOSDAQ,317
115610,이미지스,KOSDAQ,316
010400,우진아이엔에스,KOSPI,315
148930,에이치와이티씨,KOSDAQ,314
069140,누리플랜,KOSDAQ,313
368600,아이씨에이치,KOSDAQ,312
258830,세종메디칼,KOSDAQ,312
024070,WISCOM,KOSPI,311
457600,벡트,KOSDAQ,311
191410,육일씨엔에쓰,KOSDAQ,311
432980,엠에프씨,KOSDAQ,310
091340,S&K폴리텍,KOSDAQ,310
405000,플라즈맵,KOSDAQ,308
237750,피앤씨테크,KOSDAQ,307
006570,대림통상,KOSPI,306
196700,웹스,KOSDAQ,305
424760,벨로크,KOSDAQ,305
080470,성창오토텍,KOSDAQ,305
044780,에이치케이,KOSDAQ,305
377330,이지트로닉스,KOSDAQ,304
222980,한국맥널티,KOSDAQ,303
33626L,두산퓨얼셀2우B,KOSPI,302
123750,알톤,KOSDAQ,302
246250,에스엘에스바이오,KOSDAQ,302
328380,솔트웨어,KOSDAQ,302
434190,탈로스,KONEX,301
139670,키네마스터,KOSDAQ,299
083640,인콘,KOSDAQ,299
372800,아이티아이즈,KOSDAQ,299
092600,앤씨앤,KOSDAQ,298
208350,지란지교시큐리티,KOSDAQ,298
012170,아센디오,KOSPI,297
318010,팜스빌,KOSDAQ,297
030720,동원수산,KOSPI,297
031510,오스템,KOSDAQ,296
900110,이스트아시아홀딩스,KOSDAQ,296
304840,피플바이오,KOSDAQ,295
406820,뷰티스킨,KOSDAQ,295
197140,디지캡,KOSDAQ,294
076080,웰크론한텍,KOSDAQ,294
069640,한세엠케이,KOSPI,294
109670,씨싸이트,KOSDAQ,292
032080,아즈텍WB,KOSDAQ,291
070590,인티큐브,KOSDAQ,291
060380,동양에스텍,KOSDAQ,291
016100,리더스코스메틱,KOSDAQ,288
042040,케이피엠테크,KOSDAQ,286
085810,알티캐스트,KOSDAQ,286
279600,미디어젠,KOSDAQ,286
036480,대성미생물,KOSDAQ,286
417180,핑거스토리,KOSDAQ,285
016920,카스,KOSDAQ,284
198940,한주라이트메탈,KOSDAQ,283
309930,조이웍스앤코,KOSDAQ,283
008775,호텔신라우,KOSPI,283
052300,오션인더블유,KOSDAQ,282
079650,서산,KOSDAQ,282
311060,엘에이티,KONEX,282
188040,바이오포트,KOSDAQ,281
216400,인바이츠바이오코아,KONEX,281
002355,넥센타이어1우B,KOSPI,281
227610,아우딘퓨쳐스,KOSDAQ,281
113810,디젠스,KOSDAQ,280
101680,한국정밀기계,KOSDAQ,280
034940,조아제약,KOSDAQ,280
023770,플레이위드,KOSDAQ,279
224060,더코디,KOSDAQ,278
226340,본느,KOSDAQ,277
101400,엔시트론,KOSDAQ,276
103230,에스앤더블류,KOSDAQ,275
060900,에이전트AI,KOSDAQ,275
900270,헝셩그룹,KOSDAQ,274
093380,풍강,KOSDAQ,274
007770,한일화학,KOSDAQ,273
267790,배럴,KOSDAQ,272
011090,에넥스,KOSPI,272
004270,남성,KOSPI,272
043220,티에스넥스젠,KOSDAQ,272
131180,딜리,KOSDAQ,271
023790,동일스틸럭스,KOSDAQ,271
083470,이엠앤아이,KOSDAQ,270
233990,질경이,KONEX,269
464680,KB제27호스팩,KOSDAQ,269
115530,씨엔플러스,KOSDAQ,268
355690,에이텀,KOSDAQ,268
217620,선샤인푸드,KOSDAQ,268
377030,비트맥스,KOSDAQ,267
037400,우리엔터프라이즈,KOSDAQ,267
054090,삼진엘앤디,KOSDAQ,267
060230,제이케이시냅스,KOSDAQ,267
021040,대호특수강,KOSDAQ,266
331520,밸로프,KOSDAQ,266
019570,플루토스,KOSDAQ,265
005110,한창,KOSPI,264
143210,핸즈코퍼레이션,KOSPI,262
003495,대한항공우,KOSPI,262
044380,주연테크,KOSPI,261
115570,스타플렉스,KOSDAQ,261
032680,소프트센,KOSDAQ,259
362990,드림인사이트,KOSDAQ,259
002210,동성제약,KOSPI,259
078860,스테이지원엔터,KOSDAQ,258
059180,엔더블유시,KONEX,258
403360,라피치,KONEX,258
418620,E8,KOSDAQ,257
054940,엑사이엔씨,KOSDAQ,257
067010,이씨에스,KOSDAQ,257
373110,엑셀세라퓨틱스,KOSDAQ,256
352940,인바이오,KOSDAQ,255
025890,한국주강,KOSPI,253
353190,휴럼,KOSDAQ,252
154030,아시아종묘,KOSDAQ,250
308100,형지글로벌,KOSDAQ,248
193250,링크드,KOSDAQ,247
208640,썸에이지,KOSDAQ,247
291810,핀텔,KOSDAQ,246
206950,볼빅,KONEX,246
348030,모비릭스,KOSDAQ,245
365900,브이씨,KOSDAQ,245
130740,티피씨글로벌,KOSDAQ,245
102950,아하,KONEX,244
238200,비피도,KOSDAQ,242
139050,BF랩스,KOSDAQ,242
240600,유진테크놀로지,KOSDAQ,242
225590,패션플랫폼,KOSDAQ,241
415380,스튜디오삼익,KOSDAQ,240
275630,에스에스알,KOSDAQ,240
002680,한탑,KOSDAQ,239
043360,디지아이,KOSDAQ,239
403810,아이엘로보틱스,KONEX,236
312610,에이에프더블류,KOSDAQ,234
017250,인터엠,KOSDAQ,234
207490,에이펙스인텍,KONEX,234
091970,나노캠텍,KOSDAQ,233
278990,EMB,KONEX,233
00499K,롯데지주우,KOSPI,233
009310,참엔지니어링,KOSPI,233
032280,삼일,KOSDAQ,231
065150,대산F&B,KOSDAQ,231
121890,에스디시스템,KOSDAQ,230
289010,아이스크림에듀,KOSDAQ,230
001685,대상우,KOSPI,228
137940,넥스트아이,KOSDAQ,228
336040,타스컴,KONEX,228
389680,유디엠텍,KOSDAQ,228
001420,태원물산,KOSPI,228
050760,에스폴리텍,KOSDAQ,227
192390,윈하이텍,KOSDAQ,227
001515,SK증권우,KOSPI,225
076340,지에이이노더스,KONEX,225
177350,베셀,KOSDAQ,224
247660,나노씨엠에스,KOSDAQ,223
053060,세동,KOSDAQ,223
322780,코퍼스코리아,KOSDAQ,223
900100,애머릿지,KOSDAQ,220
048830,엔피케이,KOSDAQ,218
098660,에스티오,KOSDAQ,217
045520,크린앤사이언스,KOSDAQ,216
084440,유비온,KOSDAQ,216
080720,한국유니온제약,KOSDAQ,215
084180,수성웹툰,KOSDAQ,215
018620,우진비앤지,KOSDAQ,214
065690,파커스,KOSDAQ,214
230980,비유테크놀러지,KOSDAQ,213
154040,다산솔루에타,KOSDAQ,212
110020,전진바이오팜,KOSDAQ,212
254160,제이엠멀티,KONEX,211
191600,블루탑,KONEX,211
341170,퓨쳐메디신,KONEX,209
014100,메디앙스,KOSDAQ,208
215480,토박스코리아,KOSDAQ,208
054410,케이피티유,KOSDAQ,208
317860,노드메이슨,KONEX,207
199730,바이오인프라,KOSDAQ,206
096870,엘디티,KOSDAQ,206
019685,대교우B,KOSPI,205
020400,대동금속,KOSDAQ,204
088290,이원컴포텍,KOSDAQ,202
060480,국일신동,KOSDAQ,202
001770,SHD,KOSPI,202
071950,코아스,KOSPI,201
134060,이퓨쳐,KOSDAQ,199
015020,이스타코,KOSPI,198
344860,이노진,KOSDAQ,197
018700,바른손,KOSDAQ,197
005257,녹십자홀딩스2우,KOSPI,196
419540,비스토스,KOSDAQ,196
060260,뉴보텍,KOSDAQ,196
043590,웰킵스하이텍,KOSDAQ,195
067770,세진티에스,KOSDAQ,193
214610,롤링스톤,KOSDAQ,191
086220,광동헬스바이오,KONEX,190
028080,휴맥스홀딩스,KOSDAQ,189
361670,삼영에스앤씨,KOSDAQ,187
051780,큐로홀딩스,KOSDAQ,187
18064K,한진칼우,KOSPI,187
222670,플럼라인생명과학,KONEX,186
011080,형지I&C,KOSDAQ,186
032980,바이온,KOSDAQ,183
025870,신라에스지,KOSDAQ,183
368970,오에스피,KOSDAQ,182
217880,틸론,KONEX,182
035290,골드앤에스,KOSDAQ,181
331660,한국미라클피플사,KONEX,180
035620,바른손이앤에이,KOSDAQ,180
250930,예선테크,KOSDAQ,180
476710,타조이엔터테인먼트,KONEX,180
052960,태양3C,KONEX,177
008600,윌비스,KOSPI,176
009440,KC그린홀딩스,KOSPI,175
065420,에스아이리소스,KOSDAQ,174
45226K,한화갤러리아우,KOSPI,173
083660,CSA 코스믹,KOSDAQ,172
008500,일정실업,KOSPI,171
276730,한울앤제주,KOSDAQ,169
069330,유아이디,KOSDAQ,168
241820,피씨엘,KOSDAQ,168
482680,미래에셋비전스팩7호,KOSDAQ,167
477380,미래에셋비전스팩4호,KOSDAQ,166
108675,LX하우시스우,KOSPI,166
009620,삼보산업,KOSDAQ,165
001795,대한제당우,KOSPI,164
012340,뉴인텍,KOSDAQ,162
008290,원풍물산,KOSDAQ,161
050090,비케이홀딩스,KOSDAQ,161
073190,듀오백,KOSDAQ,160
069920,엑시온그룹,KOSDAQ,160
002070,비비안,KOSPI,160
005725,넥센우,KOSPI,159
000087,하이트진로2우B,KOSPI,159
188260,세니젠,KOSDAQ,159
204210,스타에스엠리츠,KOSPI,159
106520,노블엠앤비,KOSDAQ,159
121850,코이즈,KOSDAQ,158
0072Z0,KB제33호스팩,KOSDAQ,158
079950,인베니아,KOSDAQ,157
176590,코나솔,KONEX,157
233250,메디안디노스틱,KONEX,157
032800,판타지오,KOSDAQ,157
217320,썬테크,KONEX,156
026910,광진실업,KOSDAQ,156
0044K0,삼성스팩10호,KOSDAQ,155
0101C0,하나36호스팩,KOSDAQ,155
0130H0,엔에이치스팩33호,KOSDAQ,154
477340,에이치엠씨제7호스팩,KOSDAQ,152
469880,하나30호스팩,KOSDAQ,151
030350,드래곤플라이,KOSDAQ,151
368030,창대정밀,KONEX,150
900120,씨엑스아이,KOSDAQ,149
0115H0,삼성스팩13호,KOSDAQ,148
227100,프로브잇,KOSDAQ,147
001755,한양증권우,KOSPI,147
152550,한국ANKOR유전,KOSPI,146
004105,태양금속우,KOSPI,144
473050,유안타제15호스팩,KOSDAQ,144
225430,케이엠제약,KOSDAQ,144
208850,이비테크,KONEX,142
478440,미래에셋비전스팩6호,KOSDAQ,142
379390,이성씨엔아이,KONEX,141
479880,한국제15호스팩,KOSDAQ,141
302920,더콘텐츠온,KONEX,141
0099W0,미래에셋비전스팩11호,KOSDAQ,140
351020,미쥬,KONEX,140
140910,에이리츠,KOSPI,139
084695,대상홀딩스우,KOSPI,138
065060,지엔코,KOSDAQ,136
352770,셀레스트라,KOSDAQ,136
489480,키움제11호스팩,KOSDAQ,134
481890,엔에이치스팩31호,KOSDAQ,134
244460,올리패스,KOSDAQ,134
0096B0,삼성스팩12호,KOSDAQ,132
031860,디에이치엑스컴퍼니,KOSDAQ,131
489730,디비금융제13호스팩,KOSDAQ,131
149010,아이케이세미콘,KONEX,130
477760,DB금융스팩12호,KOSDAQ,130
0097F0,미래에셋비전스팩10호,KOSDAQ,130
058450,한주에이알티,KOSDAQ,129
478390,KB제29호스팩,KOSDAQ,129
33637L,솔루스첨단소재2우B,KOSPI,129
0099X0,IBKS제25호스팩,KOSDAQ,128
492220,KB제31호스팩,KOSDAQ,128
0054V0,엔에이치스팩32호,KOSDAQ,128
0093G0,미래에셋비전스팩8호,KOSDAQ,128
471050,대신밸런스제17호스팩,KOSDAQ,128
004255,NPC우,KOSPI,128
482520,교보16호스팩,KOSDAQ,127
0037T0,KB제32호스팩,KOSDAQ,127
00806K,대덕1우,KOSPI,127
0088D0,메리츠제1호스팩,KOSDAQ,127
054180,메디콕스,KOSDAQ,126
079190,케스피온,KOSDAQ,126
0091W0,신영스팩11호,KOSDAQ,124
065570,삼영이엔씨,KOSDAQ,122
456190,큐라켐,KONEX,122
38380K,LX홀딩스1우,KOSPI,122
145995,삼양사우,KOSPI,121
0041L0,하나35호스팩,KOSDAQ,121
0132G0,교보20호스팩,KOSDAQ,120
482690,대신밸런스제19호스팩,KOSDAQ,120
003075,코오롱글로벌우,KOSPI,118
0071M0,삼성스팩11호,KOSDAQ,116
253610,루트락,KONEX,116
477470,미래에셋비전스팩5호,KOSDAQ,115
469900,하나31호스팩,KOSDAQ,115
487360,신한제14호스팩,KOSDAQ,115
001067,JW중외제약2우B,KOSPI,115
060240,스타코링크,KOSDAQ,115
496070,신한제16호스팩,KOSDAQ,114
289170,바이오텐,KONEX,113
0105P0,유진스팩12호,KOSDAQ,113
474660,신한제12호스팩,KOSDAQ,112
474490,유안타제16호스팩,KOSDAQ,112
00781K,코리아써키트2우B,KOSPI,112
486630,KB제30호스팩,KOSDAQ,110
0098T0,교보19호스팩,KOSDAQ,110
0096D0,미래에셋비전스팩9호,KOSDAQ,110
489210,교보17호스팩,KOSDAQ,109
452670,상상인제4호스팩,KOSDAQ,109
006345,대원전선우,KOSPI,109
0004Y0,디비금융제14호스팩,KOSDAQ,108
0130D0,신한제17호스팩,KOSDAQ,106
169670,코스텍시스템,KONEX,106
199150,데이터스트림즈,KONEX,106
493790,유안타제17호스팩,KOSDAQ,106
223220,로지스몬,KONEX,105
466690,키움히어로제1호스팩,KOSDAQ,104
043100,알파AI,KOSDAQ,104
03481K,해성산업1우,KOSDAQ,104
0041B0,교보18호스팩,KOSDAQ,104
114920,대주이엔티,KONEX,103
478110,이베스트스팩6호,KOSDAQ,101
000225,유유제약1우,KOSPI,100
498390,한화플러스제5호스팩,KOSDAQ,100
472220,신영스팩10호,KOSDAQ,100
224760,엔에스컴퍼니,KONEX,99
238500,로보쓰리에이아이,KONEX,98
004835,덕성우,KOSPI,97
488060,유진스팩11호,KOSDAQ,96
244880,나눔테크,KONEX,95
106080,케이이엠텍,KOSDAQ,95
145210,다이나믹디자인,KOSPI,94
467930,IBKS제23호스팩,KOSDAQ,93
224810,엄지하우스,KONEX,93
012205,계양전기우,KOSPI,92
484130,하나34호스팩,KOSDAQ,92
462020,에이치엠씨제6호스팩,KOSDAQ,91
469480,IBKS제24호스팩,KOSDAQ,90
178600,대동고려삼,KONEX,90
001065,JW중외제약우,KOSPI,90
464440,한국제13호스팩,KOSDAQ,90
473950,에스케이증권제13호스팩,KOSDAQ,89
487830,신한제15호스팩,KOSDAQ,89
465320,교보15호스팩,KOSDAQ,88
468760,유진스팩10호,KOSDAQ,88
487720,키움제10호스팩,KOSDAQ,87
004985,성신양회우,KOSPI,86
0068Y0,비엔케이제3호스팩,KOSDAQ,86
447690,아이오바이오,KONEX,85
472230,에스케이증권제11호스팩,KOSDAQ,85
066830,제노텍,KONEX,84
251280,안지오랩,KONEX,83
185190,수프로,KONEX,83
0041J0,엘에스스팩1호,KOSDAQ,82
475250,하나33호스팩,KOSDAQ,77
474930,신한제13호스팩,KOSDAQ,76
000325,노루홀딩스우,KOSPI,76
079970,투비소프트,KOSDAQ,76
212310,오건에코텍,KONEX,75
318660,타임기술,KONEX,73
26490K,크라운제과우,KOSPI,72
009415,태영건설우,KOSPI,71
202960,판도라티비,KONEX,71
215570,크로넥스,KONEX,70
276040,스코넥,KOSDAQ,70
189350,코셋,KONEX,69
473000,에스케이증권제12호스팩,KOSDAQ,67
475240,하나32호스팩,KOSDAQ,67
101390,아이엠,KOSDAQ,66
103660,씨앗,KONEX,66
236340,메디젠휴먼케어,KONEX,64
234070,에이원알폼,KONEX,64
311960,인터로이드,KONEX,61
199290,바이오프로테크,KONEX,61
090355,노루페인트우,KOSPI,60
267080,세븐브로이맥주,KONEX,57
121060,유니포인트,KONEX,56
276240,엘리비젼,KONEX,56
092590,럭스피아,KONEX,56
000145,하이트진로홀딩스우,KOSPI,55
044180,KD,KOSDAQ,54
000545,흥국화재우,KOSPI,54
236030,씨알푸드,KONEX,52
313760,캐리,KOSDAQ,52
266350,팡스카이,KONEX,50
258050,테크트랜스,KONEX,50
36328K,티와이홀딩스우,KOSPI,49
327610,펨토바이오메드,KONEX,49
007575,일양약품우,KOSPI,49
346010,타이드,KONEX,48
116100,태양기계,KONEX,48
043090,더테크놀로지,KOSDAQ,47
005965,동부건설우,KOSPI,46
002995,금호건설우,KOSPI,46
052770,아이톡시,KOSDAQ,45
005745,크라운해태홀딩스우,KOSPI,44
299480,지앤이헬스케어,KONEX,44
014825,동원시스템즈우,KOSPI,43
008355,남선알미우,KOSPI,42
217910,에스제이켐,KONEX,42
140660,위월드,KONEX,42
390110,애니메디솔루션,KONEX,42
014285,금강공업우,KOSPI,42
208890,미래엔에듀파트너,KONEX,40
004545,깨끗한나라우,KOSPI,39
136660,큐엠씨,KONEX,37
000227,유유제약2우B,KOSPI,35
093510,엔지브이아이,KONEX,34
266470,바이오인프라생명과학,KONEX,31
002785,진흥기업우B,KOSPI,28
001525,동양우,KOSPI,27
014915,성문전자우,KOSPI,27
413300,티엘엔지니어링,KONEX,27
004415,서울식품우,KOSPI,26
011155,CJ씨푸드1우,KOSPI,26
296520,가이아코퍼레이션,KONEX,23
002787,진흥기업2우B,KOSPI,23
245450,씨앤에스링크,KONEX,23
448780,마이크로엔엑스,KONEX,23
021045,대호특수강우,KOSDAQ,22
402420,켈스,KONEX,22
332190,오션스바이오,KONEX,22
032685,소프트센우,KOSDAQ,21
001527,동양2우B,KOSPI,21
149300,아퓨어스,KONEX,12
279060,이노벡스,KONEX,11
266170,레드우즈,KONEX,7
