기준일(월말),시장,종목명,종목코드,시가총액,기준가,1개월(%),3개월(%),6개월(%),12개월(%),모멘텀스코어,다음달수익률(%),전달순위
2026-03-31,S&P500,Sandisk,SNDK,0,635.34,-0.0,167.6,466.3,1234.5,614.1,10.43,
2026-03-31,S&P500,Lumentum,LITE,0,702.76,0.3,90.7,331.9,1027.3,443.8,17.66,
2026-03-31,S&P500,Ciena,CIEN,0,388.23,11.3,66.0,166.5,542.4,238.9,15.33,
2026-03-31,S&P500,Western Digital,WDC,0,270.49,-3.3,57.0,125.3,569.0,223.7,9.05,
2026-03-31,S&P500,Teradyne,TER,0,296.46,-7.4,53.2,115.4,258.9,155.7,4.44,
2026-03-31,S&P500,Coherent Corp.,COHR,0,238.21,-8.0,29.1,121.1,266.8,141.2,8.37,
2026-03-31,S&P500,Seagate Technology,STX,0,391.76,-3.9,42.3,66.0,361.2,141.0,9.6,
2026-03-31,S&P500,Comfort Systems USA,FIX,0,1378.99,-3.5,47.8,67.1,327.8,139.1,2.77,
2026-03-31,S&P500,Micron Technology,MU,0,337.84,-18.1,18.4,101.9,288.8,132.5,8.41,
2026-03-31,S&P500,Vertiv,VRT,0,250.58,-1.7,54.7,66.1,247.1,127.0,4.27,
2026-03-31,S&P500,Moderna,MRNA,0,50.8,-5.2,72.3,96.7,79.2,124.6,-3.15,
2026-03-31,S&P500,Corning Inc.,GLW,0,135.97,-9.6,55.3,65.8,197.0,121.3,8.79,
2026-03-31,S&P500,Albemarle Corporation,ALB,0,179.53,0.5,26.9,121.4,149.3,111.9,-0.8,
2026-03-31,S&P500,EchoStar,SATS,0,117.07,1.3,7.7,53.3,357.7,103.7,9.92,
2026-03-31,S&P500,APA Corporation,APA,0,42.44,39.7,73.5,74.8,101.9,96.7,-0.94,
2026-03-31,S&P500,Lam Research,LRCX,0,213.66,-8.6,24.8,59.6,193.9,92.7,2.24,
2026-03-31,S&P500,Applied Materials,AMAT,0,341.79,-8.2,33.0,66.9,135.5,91.1,1.95,
2026-03-31,S&P500,Dow Inc.,DOW,0,41.65,35.5,78.1,81.6,19.3,89.4,-0.6,
2026-03-31,S&P500,GE Vernova,GEV,0,872.9,-0.1,33.6,42.0,185.9,85.1,2.94,
2026-03-31,S&P500,Texas Pacific Land Corporation,TPL,0,474.56,-9.5,65.2,52.5,7.4,84.7,-6.39,
2026-03-31,S&P500,LyondellBasell,LYB,0,80.56,40.1,86.1,64.3,14.4,83.8,-1.19,
2026-03-31,S&P500,Keysight Technologies,KEYS,0,282.37,-8.1,39.0,61.4,88.5,83.7,3.14,
2026-03-31,S&P500,CF Industries,CF,0,129.84,30.4,67.9,44.7,66.1,74.7,0.1,
2026-03-31,S&P500,Bunge Global,BG,0,127.2,5.4,42.8,56.6,66.4,73.1,1.75,
2026-03-31,S&P500,Valero Energy,VLO,0,247.08,20.7,51.8,45.1,87.1,71.0,-1.21,
2026-03-31,S&P500,Caterpillar Inc.,CAT,0,708.46,-4.6,23.7,48.5,114.8,68.5,1.24,
2026-03-31,S&P500,Halliburton,HAL,0,38.99,8.3,38.0,58.5,53.7,66.2,-2.1,
2026-03-31,S&P500,Quanta Services,PWR,0,549.02,-2.5,30.1,32.5,116.0,64.8,2.11,
2026-03-31,S&P500,ExxonMobil,XOM,0,169.66,11.3,41.0,50.5,42.7,60.9,-5.29,
2026-03-31,S&P500,Generac,GNRC,0,195.33,-13.3,43.2,16.7,54.2,60.4,-0.63,
2026-03-31,S&P500,Occidental Petroleum,OXY,0,65.0,22.5,58.1,37.6,31.7,60.4,-3.12,
2026-03-31,S&P500,KLA Corporation,KLAC,0,1472.41,-3.4,21.2,36.5,116.6,60.2,3.02,
2026-03-31,S&P500,FedEx,FDX,0,356.18,-8.0,23.3,51.0,46.1,57.4,1.53,
2026-03-31,S&P500,Schlumberger,SLB,0,51.39,0.1,33.9,49.5,22.9,56.4,-3.79,
2026-03-31,S&P500,Freeport-McMoRan,FCX,0,58.78,-13.7,15.7,49.9,55.3,55.4,4.42,
2026-03-31,S&P500,Marathon Petroleum,MPC,0,244.18,23.2,50.1,26.7,67.6,55.4,-1.0,
2026-03-31,S&P500,Targa Resources,TRGP,0,250.73,6.3,35.9,49.7,25.1,55.4,-2.53,
2026-03-31,S&P500,Newmont,NEM,0,108.25,-16.7,8.4,28.4,124.2,54.1,5.36,
2026-03-31,S&P500,Intel,INTC,0,44.13,-3.2,19.6,31.5,94.3,51.9,14.16,
2026-03-31,S&P500,Akamai Technologies,AKAM,0,114.85,16.7,31.6,51.6,42.7,51.3,2.74,
2026-03-31,S&P500,Baker Hughes,BKR,0,61.05,-6.5,34.1,25.3,38.9,50.9,-1.1,
2026-03-31,S&P500,Devon Energy,DVN,0,50.32,15.6,37.4,43.5,34.5,50.8,-1.65,
2026-03-31,S&P500,Phillips 66,PSX,0,182.18,18.0,41.2,33.9,47.5,50.4,-3.28,
2026-03-31,S&P500,Huntington Ingalls Industries,HII,0,379.9,-14.5,11.7,32.0,86.2,49.9,4.4,
2026-03-31,S&P500,ConocoPhillips,COP,0,132.0,16.3,41.0,39.5,25.7,49.6,-1.12,
2026-03-31,S&P500,J.B. Hunt,JBHT,0,211.9,-9.2,9.0,57.9,43.2,49.4,1.42,
2026-03-31,S&P500,Warner Bros. Discovery,WBD,0,27.46,-2.5,-4.7,40.6,155.9,49.0,-0.51,
2026-03-31,S&P500,Ross Stores,ROST,0,216.63,5.3,20.3,42.2,69.5,48.5,1.55,
2026-03-31,S&P500,Coterra,CTRA,0,35.14,14.9,33.5,48.6,21.6,48.0,-1.65,
2026-03-31,S&P500,Monolithic Power Systems,MPWR,0,1093.35,-4.3,20.6,18.8,88.5,45.7,2.3,
2026-03-31,S&P500,"Tapestry, Inc.",TPR,0,141.11,-9.2,10.4,24.6,100.4,45.4,0.06,
2026-03-31,S&P500,Analog Devices,ADI,0,318.14,-10.6,17.3,29.5,57.8,45.4,0.06,
2026-03-31,S&P500,DuPont,DD,0,45.8,-8.5,13.9,40.5,46.6,45.0,-0.7,
2026-03-31,S&P500,Chevron Corporation,CVX,0,206.9,10.8,35.8,33.2,23.7,44.6,-3.83,
2026-03-31,S&P500,Old Dominion,ODFL,0,195.4,-3.8,24.6,38.8,18.1,44.6,1.33,
2026-03-31,S&P500,Jabil,JBL,0,265.63,0.2,16.5,22.3,95.2,43.3,1.1,
2026-03-31,S&P500,Dell Technologies,DELL,0,164.13,10.8,30.4,15.8,80.1,42.8,6.24,
2026-03-31,S&P500,Emcor,EME,0,738.31,1.9,20.7,13.7,99.7,42.4,2.44,
2026-03-31,S&P500,Diamondback Energy,FANG,0,197.79,13.6,31.6,38.2,23.7,42.3,-1.98,
2026-03-31,S&P500,Lockheed Martin,LMT,0,604.39,-8.2,25.0,21.1,35.3,41.6,3.04,
2026-03-31,S&P500,Merck & Co.,MRK,0,120.29,-2.9,14.3,43.3,34.0,41.3,0.48,
2026-03-31,S&P500,Viatris,VTRS,0,13.51,-9.5,8.5,36.5,55.1,40.8,-0.52,
2026-03-31,S&P500,Johnson & Johnson,JNJ,0,244.44,-1.6,18.1,31.8,47.4,40.7,-0.57,
2026-03-31,S&P500,Howmet Aerospace,HWM,0,230.46,-12.2,12.4,17.4,77.6,40.3,0.96,
2026-03-31,S&P500,Archer Daniels Midland,ADM,0,72.69,5.3,26.4,21.7,51.4,39.6,1.57,
2026-03-31,S&P500,Edison International,EIX,0,73.18,-2.1,21.9,32.4,24.2,39.6,0.38,
2026-03-31,S&P500,EOG Resources,EOG,0,144.57,16.5,37.7,28.9,12.7,38.9,-1.33,
2026-03-31,S&P500,Equinix,EQIX,0,980.24,0.6,27.9,25.2,20.2,38.7,2.05,
2026-03-31,S&P500,ON Semiconductor,ON,0,61.92,-6.9,14.3,25.6,52.2,38.1,0.44,
2026-03-31,S&P500,Deere & Company,DE,0,563.3,-10.5,21.0,23.2,20.0,37.7,2.2,
2026-03-31,S&P500,Qnity Electronics,Q,0,115.38,-9.0,41.3,0.0,0.0,37.5,1.0,
2026-03-31,S&P500,DaVita,DVA,0,153.69,-1.7,35.3,15.7,0.5,37.0,-5.28,
2026-03-31,S&P500,Target Corporation,TGT,0,121.2,6.5,24.0,35.1,16.1,36.7,-0.62,
2026-03-31,S&P500,Hasbro,HAS,0,93.6,-6.0,14.1,23.4,52.2,36.5,-3.68,
2026-03-31,S&P500,Cummins,CMI,0,538.02,-7.9,5.4,27.4,71.7,36.3,2.17,
2026-03-31,S&P500,L3Harris,LHX,0,345.15,-5.3,17.6,13.0,64.9,36.2,3.14,
2026-03-31,S&P500,Corteva,CTVA,0,83.71,4.5,24.9,23.8,33.0,36.2,2.09,
2026-03-31,S&P500,Wabtec,WAB,0,249.91,-5.3,17.1,24.7,37.8,36.2,1.6,
2026-03-31,S&P500,Johnson Controls,JCI,0,130.95,-9.3,9.4,19.1,63.5,34.4,1.54,
2026-03-31,S&P500,Cardinal Health,CAH,0,211.31,-7.8,2.8,34.6,53.4,34.2,1.3,
2026-03-31,S&P500,C.H. Robinson,CHRW,0,166.07,-10.4,3.3,25.4,62.2,33.0,1.07,
2026-03-31,S&P500,Align Technology,ALGN,0,171.43,-9.8,9.8,36.9,7.9,32.8,-0.48,
2026-03-31,S&P500,Steel Dynamics,STLD,0,180.0,-6.8,6.2,29.1,43.9,31.7,0.11,
2026-03-31,S&P500,Gilead Sciences,GILD,0,139.37,-6.4,13.5,25.6,24.4,31.7,0.24,
2026-03-31,S&P500,Entergy,ETR,0,112.36,4.9,21.6,20.6,31.4,31.4,2.26,
2026-03-31,S&P500,Northrop Grumman,NOC,0,682.24,-5.8,19.6,12.0,33.2,31.3,2.97,
2026-03-31,S&P500,NextEra Energy,NEE,0,92.88,-0.9,15.7,23.0,31.0,30.8,0.29,
2026-03-31,S&P500,Williams Companies,WMB,0,72.78,-2.6,21.1,14.9,21.8,30.0,-1.07,
2026-03-31,S&P500,Kinder Morgan,KMI,0,33.53,0.8,22.0,18.4,17.5,29.9,-1.67,
2026-03-31,S&P500,Walmart,WMT,0,124.28,-2.9,11.6,20.6,41.6,29.3,1.22,
2026-03-31,S&P500,Bristol Myers Squibb,BMY,0,60.65,-2.8,12.4,34.5,-0.6,28.5,-1.73,
2026-03-31,S&P500,Nordson Corporation,NDSN,0,266.06,-9.3,10.7,17.2,31.9,28.2,-1.11,
2026-03-31,S&P500,CSX Corporation,CSX,0,41.05,-3.8,13.2,15.6,39.5,28.2,0.41,
2026-03-31,S&P500,Verizon,VZ,0,50.2,0.1,23.3,14.2,10.7,27.8,-1.59,
2026-03-31,S&P500,Biogen,BIIB,0,183.33,-4.4,4.2,30.9,34.0,27.8,-3.27,
2026-03-31,S&P500,Advanced Micro Devices,AMD,0,203.43,1.6,-5.0,25.7,98.0,27.7,6.92,
2026-03-31,S&P500,Hershey Company (The),HSY,0,207.89,-12.0,14.2,11.1,21.6,27.3,-0.82,
2026-03-31,S&P500,Hubbell Incorporated,HUBB,0,490.74,-4.1,10.5,14.0,48.3,27.1,0.72,
2026-03-31,S&P500,Marriott International,MAR,0,327.07,-4.3,5.4,25.6,37.3,26.7,1.49,
2026-03-31,S&P500,Ball Corporation,BALL,0,59.11,-11.9,11.6,17.2,13.5,26.6,1.45,
2026-03-31,S&P500,Teledyne Technologies,TDY,0,605.01,-11.2,18.5,3.2,21.6,26.3,2.99,
2026-03-31,S&P500,Honeywell,HON,0,226.03,-7.2,15.9,13.9,13.3,25.9,1.51,
2026-03-31,S&P500,Nucor,NUE,0,169.1,-4.4,3.7,24.9,40.5,25.7,1.99,
2026-03-31,S&P500,Amgen,AMGN,0,351.85,-9.4,7.5,24.7,12.9,25.6,-1.11,
2026-03-31,S&P500,Parker Hannifin,PH,0,895.24,-11.3,1.9,18.1,47.3,25.6,1.43,
2026-03-31,S&P500,EQT Corporation,EQT,0,63.64,3.6,18.7,16.9,19.1,25.5,-6.19,
2026-03-31,S&P500,Dover Corporation,DOV,0,208.45,-7.6,6.8,24.9,18.7,25.4,-1.47,
2026-03-31,S&P500,Iron Mountain,IRM,0,102.14,-5.7,23.1,0.2,18.7,25.2,1.14,
2026-03-31,S&P500,Cboe Global Markets,CBOE,0,281.07,-6.2,12.0,14.6,24.2,24.8,3.16,
2026-03-31,S&P500,American Electric Power,AEP,0,131.08,-2.0,13.7,16.5,20.0,24.2,1.22,
2026-03-31,S&P500,Oneok,OKE,0,90.39,9.2,23.0,23.9,-8.9,23.9,-2.31,
2026-03-31,S&P500,Alphabet Inc. (Class A),GOOGL,0,287.56,-7.8,-8.1,18.3,86.0,23.7,2.86,
2026-03-31,S&P500,Regeneron Pharmaceuticals,REGN,0,772.64,-1.2,0.1,37.4,21.8,23.7,-1.4,
2026-03-31,S&P500,RTX Corporation,RTX,0,192.9,-4.8,5.2,15.3,45.6,23.3,1.72,
2026-03-31,S&P500,Alphabet Inc. (Class C),GOOG,0,286.86,-7.9,-8.6,17.8,83.6,22.7,2.65,
2026-03-31,S&P500,McKesson Corporation,MCK,0,865.36,-12.4,5.5,12.0,28.6,22.3,2.19,
2026-03-31,S&P500,FirstEnergy,FE,0,50.66,-1.0,13.2,10.6,25.3,21.4,1.28,
2026-03-31,S&P500,Hilton Worldwide,HLT,0,304.08,-2.5,5.9,17.2,33.6,21.3,0.29,
2026-03-31,S&P500,Amphenol,APH,0,126.35,-13.5,-6.5,2.1,92.6,21.1,1.31,
2026-03-31,S&P500,Paccar,PCAR,0,115.5,-8.4,5.5,17.5,18.6,21.0,2.44,
2026-03-31,S&P500,Host Hotels & Resorts,HST,0,19.16,-2.2,8.1,12.6,34.8,20.8,-0.1,
2026-03-31,S&P500,Ametek,AME,0,214.36,-10.4,4.4,14.0,24.5,20.6,1.83,
2026-03-31,S&P500,PG&E Corporation,PCG,0,17.57,-7.5,9.3,16.5,2.3,19.9,1.14,
2026-03-31,S&P500,CenterPoint Energy,CNP,0,43.16,-0.8,12.6,11.2,19.1,19.9,1.27,
2026-03-31,S&P500,International Flavors & Fragrances,IFF,0,72.55,-11.8,7.7,17.9,-6.5,19.7,-0.17,
2026-03-31,S&P500,Digital Realty,DLR,0,180.21,1.7,16.5,4.2,25.8,19.6,0.82,
2026-03-31,S&P500,Ventas,VTR,0,81.78,-5.1,5.7,16.8,18.9,19.3,1.82,
2026-03-31,S&P500,HCA Healthcare,HCA,0,473.24,-10.7,1.4,11.0,37.0,19.3,-0.3,
2026-03-31,S&P500,IDEX Corporation,IEX,0,189.55,-9.5,6.5,16.5,4.7,19.2,0.49,
2026-03-31,S&P500,Evergy,EVRG,0,81.92,-2.1,13.0,7.8,18.8,19.1,1.12,
2026-03-31,S&P500,Coca-Cola Company (The),KO,0,76.05,-6.8,8.8,14.7,6.2,19.0,0.88,
2026-03-31,S&P500,Sempra,SRE,0,97.17,0.9,10.1,8.0,36.2,18.8,2.09,
2026-03-31,S&P500,Welltower,WELL,0,197.71,-4.5,6.5,11.0,29.0,18.8,2.34,
2026-03-31,S&P500,General Motors,GM,0,74.5,-5.3,-8.4,22.2,58.4,18.7,-2.63,
2026-03-31,S&P500,Quest Diagnostics,DGX,0,195.98,-7.5,12.9,2.8,15.8,18.7,1.04,
2026-03-31,S&P500,Texas Instruments,TXN,0,194.14,-8.5,11.9,5.7,8.0,18.2,0.38,
2026-03-31,S&P500,W. W. Grainger,GWW,0,1090.81,-4.7,8.1,14.5,10.4,18.2,2.44,
2026-03-31,S&P500,Citizens Financial Group,CFG,0,59.97,-0.4,2.7,12.8,46.4,18.0,1.7,
2026-03-31,S&P500,Costco,COST,0,996.43,-1.4,15.5,7.6,5.4,18.0,1.86,
2026-03-31,S&P500,Pinnacle West Capital,PNW,0,100.75,0.4,13.6,12.4,5.8,18.0,1.94,
2026-03-31,S&P500,Dollar General,DG,0,118.73,-24.0,-10.6,14.9,35.0,18.0,0.85,
2026-03-31,S&P500,Prologis,PLD,0,132.18,-7.3,3.5,15.4,18.2,17.8,1.2,
2026-03-31,S&P500,Linde plc,LIN,0,495.76,-2.4,16.3,4.4,6.5,17.7,1.38,
2026-03-31,S&P500,Consolidated Edison,ED,0,113.18,0.6,14.0,12.6,2.3,17.6,1.99,
2026-03-31,S&P500,Interactive Brokers,IBKR,0,67.07,-5.8,4.3,-2.5,62.0,17.5,1.0,
2026-03-31,S&P500,NiSource,NI,0,46.66,-1.4,11.7,7.8,16.4,17.2,1.78,
2026-03-31,S&P500,CME Group,CME,0,295.35,-7.6,8.2,9.3,11.3,17.2,3.3,
2026-03-31,S&P500,Tyson Foods,TSN,0,64.07,-1.4,9.3,18.0,0.4,17.2,0.87,
2026-03-31,S&P500,PepsiCo,PEP,0,155.29,-8.5,8.2,10.6,3.6,16.8,1.11,
2026-03-31,S&P500,Pfizer,PFE,0,28.08,1.6,12.8,10.2,10.8,16.7,0.85,
2026-03-31,S&P500,Atmos Energy,ATO,0,184.72,-1.1,10.2,8.2,19.5,16.7,2.3,
2026-03-31,S&P500,Ralph Lauren Corporation,RL,0,343.99,-5.1,-2.7,9.7,55.8,16.4,1.17,
2026-03-31,S&P500,Eaton Corporation,ETN,0,357.67,-4.9,12.3,-4.4,31.6,16.4,0.96,
2026-03-31,S&P500,Incyte,INCY,0,94.12,-7.1,-4.7,11.0,55.4,16.3,1.92,
2026-03-31,S&P500,Exelon,EXC,0,49.02,-0.9,12.5,8.9,6.4,16.2,0.63,
2026-03-31,S&P500,Southwest Airlines,LUV,0,37.57,-23.7,-9.1,17.7,11.9,15.8,0.08,
2026-03-31,S&P500,Altria,MO,0,65.99,-4.4,14.4,-0.1,9.9,15.7,-0.35,
2026-03-31,S&P500,TJX Companies,TJX,0,159.7,-1.2,4.0,10.5,31.1,15.2,1.0,
2026-03-31,S&P500,Delta Air Lines,DAL,0,66.48,1.2,-4.2,17.1,52.5,15.1,0.42,
2026-03-31,S&P500,Dollar Tree,DLTR,0,109.51,-13.4,-11.0,16.0,45.9,15.1,-0.98,
2026-03-31,S&P500,Chubb Limited,CB,0,325.93,-4.4,4.4,15.5,7.9,15.1,0.74,
2026-03-31,S&P500,Colgate-Palmolive,CL,0,85.23,-14.0,7.9,6.6,-9.0,14.8,-0.11,
2026-03-31,S&P500,Microchip Technology,MCHP,0,64.61,-13.4,1.4,0.6,33.5,14.8,1.53,
2026-03-31,S&P500,Kroger,KR,0,72.36,6.0,15.8,7.3,6.9,14.7,-0.01,
2026-03-31,S&P500,Trane Technologies,TT,0,416.74,-9.9,7.1,-1.2,23.7,14.7,2.48,
2026-03-31,S&P500,Church & Dwight,CHD,0,93.32,-11.0,11.3,6.5,-15.2,14.7,-0.5,
2026-03-31,S&P500,BNY Mellon,BK,0,118.63,-0.4,2.2,8.9,41.4,14.7,2.95,
2026-03-31,S&P500,Air Products,APD,0,290.49,5.4,17.6,6.5,-1.5,14.3,1.05,
2026-03-31,S&P500,Alliant Energy,LNT,0,71.76,-0.8,10.4,6.5,11.5,14.2,1.52,
2026-03-31,S&P500,DTE Energy,DTE,0,146.22,-1.4,13.4,3.4,5.7,14.2,1.24,
2026-03-31,S&P500,Ameren,AEE,0,109.92,-3.0,10.1,5.3,9.5,14.1,1.6,
2026-03-31,S&P500,Citigroup,C,0,113.41,2.9,-2.8,11.7,59.8,14.1,1.62,
2026-03-31,S&P500,AES Corporation,AES,0,14.09,-18.5,-1.7,7.1,13.4,14.1,1.49,
2026-03-31,S&P500,Garmin,GRMN,0,232.01,-8.2,14.4,-5.8,6.9,14.1,2.43,
2026-03-31,S&P500,Duke Energy,DUK,0,130.94,0.1,11.7,5.8,7.4,13.7,0.98,
2026-03-31,S&P500,United Parcel Service,UPS,0,98.38,-15.2,-0.8,17.8,-10.6,13.7,-0.2,
2026-03-31,S&P500,Cisco,CSCO,0,77.59,-2.4,0.7,13.4,25.7,13.6,1.84,
2026-03-31,S&P500,Kimco Realty,KIM,0,22.47,-4.6,10.9,2.8,5.8,13.6,0.58,
2026-03-31,S&P500,AT&T,T,0,28.99,3.5,16.7,2.7,2.5,13.4,-2.28,
2026-03-31,S&P500,Fastenal,FAST,0,46.4,0.8,15.6,-5.4,19.7,13.3,-0.22,
2026-03-31,S&P500,Northern Trust,NTRS,0,139.57,-2.5,2.2,3.7,41.5,13.1,1.92,
2026-03-31,S&P500,Motorola Solutions,MSI,0,433.97,-10.0,13.2,-5.1,-0.9,12.9,1.15,
2026-03-31,S&P500,Invesco,IVZ,0,24.29,-7.5,-7.5,5.9,60.1,12.7,-0.62,
2026-03-31,S&P500,CMS Energy,CMS,0,77.58,-0.6,10.9,5.9,3.3,12.7,1.29,
2026-03-31,S&P500,Realty Income,O,0,61.18,-8.7,8.5,0.6,5.5,12.6,1.68,
2026-03-31,S&P500,Regency Centers,REG,0,75.66,-4.2,9.6,3.8,2.6,12.2,1.74,
2026-03-31,S&P500,State Street Corporation,STT,0,126.56,-1.6,-1.9,9.1,41.4,12.1,1.77,
2026-03-31,S&P500,Textron,TXT,0,87.56,-11.2,0.4,3.6,21.2,12.0,0.56,
2026-03-31,S&P500,Goldman Sachs,GS,0,845.99,-1.6,-3.8,6.2,54.9,11.9,2.02,
2026-03-31,S&P500,Monster Beverage,MNST,0,72.46,-15.1,-5.5,7.7,23.8,11.7,-0.12,
2026-03-31,S&P500,Constellation Brands,STZ,0,150.0,-5.0,8.7,11.4,-18.3,11.5,0.8,
2026-03-31,S&P500,Hologic,HOLX,0,75.59,0.3,1.5,12.0,22.4,11.5,0.08,
2026-03-31,S&P500,Snap-on,SNA,0,363.22,-5.7,5.4,4.8,7.8,11.1,0.65,
2026-03-31,S&P500,Southern Company,SO,0,96.52,-0.9,10.7,1.8,5.0,10.9,0.96,
2026-03-31,S&P500,PPL Corporation,PPL,0,38.2,-2.0,9.1,2.8,5.8,10.8,1.15,
2026-03-31,S&P500,Illinois Tool Works,ITW,0,260.29,-10.4,5.7,-0.2,5.0,10.7,-0.8,
2026-03-31,S&P500,Starbucks,SBUX,0,89.59,-8.6,6.4,5.9,-8.7,10.6,0.87,
2026-03-31,S&P500,PPG Industries,PPG,0,106.88,-13.3,4.3,1.7,-2.3,10.5,-3.41,
2026-03-31,S&P500,eBay Inc.,EBAY,0,91.02,0.2,4.5,0.1,34.4,10.4,3.43,
2026-03-31,S&P500,Henry Schein,HSIC,0,73.7,-10.5,-2.5,11.0,7.6,10.3,0.33,
2026-03-31,S&P500,Franklin Resources,BEN,0,23.62,-11.0,-1.1,2.1,22.7,10.2,-0.93,
2026-03-31,S&P500,Principal Financial Group,PFG,0,90.11,-5.6,2.2,8.7,6.8,10.2,-0.01,
2026-03-31,S&P500,WEC Energy Group,WEC,0,115.77,-1.0,9.8,1.0,6.2,10.1,1.56,
2026-03-31,S&P500,Xcel Energy,XEL,0,79.44,-4.7,7.6,-1.5,12.2,10.1,1.64,
2026-03-31,S&P500,Union Pacific Corporation,UNP,0,242.62,-8.4,4.9,2.6,2.7,10.0,0.86,
2026-03-31,S&P500,Philip Morris International,PM,0,165.34,-11.5,3.1,1.9,4.2,10.0,-4.38,
2026-03-31,S&P500,Fortive,FTV,0,55.28,-6.6,0.1,12.8,0.2,9.9,1.45,
2026-03-31,S&P500,M&T Bank,MTB,0,206.72,-4.7,2.6,4.6,15.6,9.9,1.66,
2026-03-31,S&P500,Darden Restaurants,DRI,0,196.04,-8.3,6.5,3.0,-5.6,9.8,0.15,
2026-03-31,S&P500,Expeditors International,EXPD,0,143.23,-1.2,-3.9,16.8,19.1,9.8,1.8,
2026-03-31,S&P500,Federal Realty Investment Trust,FRT,0,106.21,-2.4,5.4,4.8,8.6,9.6,0.55,
2026-03-31,S&P500,Emerson Electric,EMR,0,131.02,-13.1,-1.3,-0.1,19.5,9.4,0.52,
2026-03-31,S&P500,Vertex Pharmaceuticals,VRTX,0,446.54,-10.1,-1.5,14.0,-7.9,9.3,-1.75,
2026-03-31,S&P500,MGM Resorts,MGM,0,37.01,0.4,1.4,6.8,24.9,9.3,-0.89,
2026-03-31,S&P500,Loews Corporation,L,0,106.74,-3.0,1.4,6.3,16.1,9.0,0.89,
2026-03-31,S&P500,General Dynamics,GD,0,343.22,-3.9,1.9,0.7,25.9,9.0,1.71,
2026-03-31,S&P500,Rockwell Automation,ROK,0,358.88,-11.9,-7.8,2.7,38.9,8.9,1.71,
2026-03-31,S&P500,Becton Dickinson,BDX,0,157.23,-10.9,3.1,6.9,-12.7,8.8,-1.73,
2026-03-31,S&P500,U.S. Bancorp,USB,0,52.01,-4.8,-2.5,7.6,23.2,8.8,1.81,
2026-03-31,S&P500,Live Nation Entertainment,LYV,0,152.51,-5.9,7.0,-6.7,16.8,8.6,2.12,
2026-03-31,S&P500,TKO Group Holdings,TKO,0,201.65,-9.9,-3.5,-0.2,32.0,8.5,1.05,
2026-03-31,S&P500,Fifth Third Bancorp,FITB,0,46.46,-6.1,-0.7,4.3,18.5,8.3,1.4,
2026-03-31,S&P500,Labcorp,LH,0,266.81,-7.7,6.3,-7.1,14.6,8.3,2.59,
2026-03-31,S&P500,NRG Energy,NRG,0,146.14,-18.3,-8.2,-9.8,53.1,8.3,4.48,
2026-03-31,S&P500,KeyCorp,KEY,0,20.05,-3.3,-2.9,7.3,25.4,8.1,2.09,
2026-03-31,S&P500,Dominion Energy,D,0,61.82,-2.1,5.5,1.1,10.3,8.0,1.54,
2026-03-31,S&P500,Eversource Energy,ES,0,69.28,-9.1,2.9,-2.6,11.5,7.9,0.27,
2026-03-31,S&P500,GE Aerospace,GE,0,283.77,-17.1,-7.9,-5.7,41.8,7.8,-0.92,
2026-03-31,S&P500,Waste Management,WM,0,229.79,-4.6,4.6,4.1,-0.7,7.8,2.45,
2026-03-31,S&P500,Electronic Arts,EA,0,203.87,1.6,-0.2,1.1,41.1,7.7,-0.13,
2026-03-31,S&P500,Travelers Companies (The),TRV,0,291.68,-5.5,0.6,4.5,10.3,7.5,0.79,
2026-03-31,S&P500,Ecolab,ECL,0,266.02,-13.7,1.3,-2.9,4.9,7.5,-0.65,
2026-03-31,S&P500,Ulta Beauty,ULTA,0,522.71,-23.7,-13.6,-4.4,42.6,7.3,2.81,
2026-03-31,S&P500,Lilly (Eli),LLY,0,919.77,-12.6,-14.4,20.5,11.4,7.3,1.72,
2026-03-31,S&P500,"Williams-Sonoma, Inc.",WSM,0,182.33,-11.3,2.1,-6.7,15.3,7.1,-1.18,
2026-03-31,S&P500,Simon Property Group,SPG,0,186.53,-8.5,0.8,-0.6,12.3,7.0,1.15,
2026-03-31,S&P500,Broadcom,AVGO,0,309.51,-3.1,-10.6,-6.2,84.9,7.0,1.63,
2026-03-31,S&P500,Ingersoll Rand,IR,0,80.12,-14.9,1.1,-3.0,0.1,6.9,-2.76,
2026-03-31,S&P500,Yum! Brands,YUM,0,155.48,-7.5,2.8,2.3,-1.2,6.9,0.39,
2026-03-31,S&P500,McDonald's,MCD,0,310.79,-8.9,1.7,2.3,-0.5,6.8,-1.17,
2026-03-31,S&P500,Packaging Corporation of America,PKG,0,212.22,-8.6,2.9,-2.6,7.2,6.7,-3.66,
2026-03-31,S&P500,Carrier Global,CARR,0,56.31,-12.6,6.6,-5.7,-11.2,6.5,-1.07,
2026-03-31,S&P500,PNC Financial Services,PNC,0,208.09,-2.0,-0.3,3.6,18.4,6.2,1.73,
2026-03-31,S&P500,Norfolk Southern,NSC,0,287.0,-8.8,-0.6,-4.5,21.2,5.9,0.35,
2026-03-31,S&P500,TE Connectivity,TEL,0,209.02,-9.2,-8.1,-4.8,47.9,5.3,0.02,
2026-03-31,S&P500,Cencora,COR,0,314.14,-15.6,-7.0,0.5,13.0,5.1,3.39,
2026-03-31,S&P500,Arch Capital Group,ACGL,0,95.99,-4.2,0.1,5.8,-0.2,5.0,0.78,
2026-03-31,S&P500,PulteGroup,PHM,0,117.61,-14.3,0.3,-11.0,14.4,4.8,-0.27,
2026-03-31,S&P500,Morgan Stanley,MS,0,164.57,-1.2,-7.3,3.5,41.1,4.7,0.75,
2026-03-31,S&P500,Avery Dennison,AVY,0,172.68,-12.1,-5.1,6.5,-3.0,4.6,-0.7,
2026-03-31,S&P500,Nvidia,NVDA,0,174.4,-1.6,-6.5,-6.5,60.9,4.5,1.71,
2026-03-31,S&P500,Smurfit Westrock,SW,0,39.85,-15.2,3.1,-6.4,-11.6,4.5,-1.41,
2026-03-31,S&P500,Public Storage,PSA,0,270.88,-11.8,4.4,-6.2,-9.5,4.4,3.5,
2026-03-31,S&P500,Royal Caribbean Group,RCL,0,275.18,-11.5,-1.3,-15.0,33.9,4.0,-0.58,
2026-03-31,S&P500,"F5, Inc.",FFIV,0,289.33,6.6,13.3,-10.5,8.7,3.9,4.85,
2026-03-31,S&P500,Regions Financial Corporation,RF,0,26.12,-6.1,-3.6,-0.9,20.2,3.7,1.34,
2026-03-31,S&P500,Martin Marietta Materials,MLM,0,588.68,-13.0,-5.5,-6.6,23.1,3.5,1.44,
2026-03-31,S&P500,Hewlett Packard Enterprise,HPE,0,23.81,10.9,-0.9,-3.1,54.3,3.2,3.36,
2026-03-31,S&P500,Hartford (The),HIG,0,135.23,-4.0,-1.9,1.4,9.3,3.0,0.71,
2026-03-31,S&P500,Arista Networks,ANET,0,122.78,-8.0,-6.3,-15.7,58.5,2.8,3.18,
2026-03-31,S&P500,Edwards Lifesciences,EW,0,80.08,-7.4,-6.1,3.0,10.5,2.4,1.21,
2026-03-31,S&P500,Kenvue,KVUE,0,17.24,-9.8,-0.1,6.2,-28.1,2.4,-0.58,
2026-03-31,S&P500,Mondelez International,MDLZ,0,57.64,-6.4,7.1,-7.7,-15.0,2.0,-0.17,
2026-03-31,S&P500,Public Service Enterprise Group,PEG,0,80.95,-5.9,0.8,-3.0,-1.6,1.8,1.07,
2026-03-31,S&P500,Deckers Brands,DECK,0,100.09,-14.6,-3.5,-1.3,-10.5,1.8,-1.78,
2026-03-31,S&P500,A. O. Smith,AOS,0,65.94,-15.5,-1.4,-10.2,0.9,1.7,-2.41,
2026-03-31,S&P500,Stanley Black & Decker,SWK,0,71.06,-17.8,-4.3,-4.4,-7.6,1.7,-3.41,
2026-03-31,S&P500,Globe Life,GL,0,139.17,-4.2,-0.5,-2.7,5.7,1.5,2.46,
2026-03-31,S&P500,Procter & Gamble,PG,0,144.44,-13.6,0.8,-6.0,-15.2,1.4,-0.91,
2026-03-31,S&P500,Extra Space Storage,EXR,0,131.13,-13.2,0.7,-7.0,-11.7,1.3,2.08,
2026-03-31,S&P500,Lowe's,LOW,0,236.28,-10.7,-2.0,-6.0,1.3,1.0,-2.22,
2026-03-31,S&P500,Comcast,CMCSA,0,28.71,-7.3,2.5,-2.5,-17.0,1.0,-2.72,
2026-03-31,S&P500,Airbnb,ABNB,0,126.28,-6.5,-7.0,4.0,5.7,0.8,-1.05,
2026-03-31,S&P500,Ford Motor Company,F,0,11.54,-18.1,-12.0,-3.5,15.1,0.7,0.52,
2026-03-31,S&P500,American Water Works,AWK,0,136.09,0.0,4.3,-2.2,-7.7,0.7,1.51,
2026-03-31,S&P500,Republic Services,RSG,0,219.02,-4.4,3.3,-4.6,-9.6,0.7,1.9,
2026-03-31,S&P500,Truist Financial,TFC,0,45.97,-6.8,-6.6,0.5,11.7,0.7,2.59,
2026-03-31,S&P500,Sysco,SYY,0,71.33,-21.8,-3.2,-13.4,-4.9,0.6,-0.24,
2026-03-31,S&P500,Cincinnati Financial,CINF,0,157.35,-4.0,-3.7,-0.5,6.5,0.2,0.67,
2026-03-31,S&P500,Amcor,AMCR,0,39.75,-17.9,-4.7,-2.8,-18.0,0.2,0.45,
2026-03-31,S&P500,Vulcan Materials Company,VMC,0,272.3,-12.2,-4.5,-11.5,16.7,0.1,2.78,
2026-03-31,S&P500,Expand Energy,EXE,0,109.78,1.7,-0.5,3.3,-1.4,0.1,-5.37,
2026-03-31,S&P500,Aflac,AFL,0,109.71,-2.9,-0.5,-1.8,-1.3,-0.1,0.7,
2026-03-31,S&P500,Corpay,CPAY,0,290.99,-10.5,-3.3,1.0,-16.6,-0.2,0.81,
2026-03-31,S&P500,Allstate,ALL,0,207.34,-3.3,-0.4,-3.4,0.1,-0.3,-0.15,
2026-03-31,S&P500,Sherwin-Williams,SHW,0,320.55,-11.6,-1.1,-7.4,-8.2,-0.4,-0.8,
2026-03-31,S&P500,Apple Inc.,AAPL,0,253.79,-3.9,-6.6,-0.3,14.3,-0.7,0.84,
2026-03-31,S&P500,Charles Schwab Corporation,SCHW,0,93.98,-1.3,-5.9,-1.6,20.1,-0.9,-0.22,
2026-03-31,S&P500,Mettler Toledo,MTD,0,1261.2,-7.7,-9.5,2.7,6.8,-1.0,-0.1,
2026-03-31,S&P500,Boeing,BA,0,199.03,-12.5,-8.3,-7.8,16.7,-1.0,4.62,
2026-03-31,S&P500,Charles River Laboratories,CRL,0,172.5,-3.4,-13.5,10.3,14.6,-1.1,0.81,
2026-03-31,S&P500,Weyerhaeuser,WY,0,24.43,-0.4,3.1,-1.5,-16.6,-1.3,0.0,
2026-03-31,S&P500,Keurig Dr Pepper,KDP,0,26.33,-13.0,-6.0,3.2,-23.1,-1.3,-3.87,
2026-03-31,S&P500,Dexcom,DXCM,0,62.8,-14.5,-5.4,-6.7,-8.0,-2.0,-0.92,
2026-03-31,S&P500,Carnival,CCL,0,25.88,-18.0,-15.3,-10.5,32.5,-2.0,-0.93,
2026-03-31,S&P500,J.M. Smucker Company (The),SJM,0,96.44,-16.8,-1.4,-11.2,-18.6,-2.0,-1.01,
2026-03-31,S&P500,Clorox,CLX,0,103.63,-18.5,2.8,-16.0,-29.6,-2.4,-2.4,
2026-03-31,S&P500,AbbVie,ABBV,0,217.49,-6.3,-4.8,-6.1,3.8,-3.0,-3.98,
2026-03-31,S&P500,United Airlines Holdings,UAL,0,92.07,-13.4,-17.7,-4.6,33.3,-3.1,0.15,
2026-03-31,S&P500,Las Vegas Sands,LVS,0,53.88,-5.0,-17.2,0.2,39.5,-3.3,0.85,
2026-03-31,S&P500,Zimmer Biomet,ZBH,0,90.42,-8.1,0.6,-8.2,-20.1,-3.6,0.52,
2026-03-31,S&P500,CVS Health,CVS,0,71.82,-10.1,-9.5,-4.7,6.0,-3.7,2.33,
2026-03-31,S&P500,Cooper Companies (The),COO,0,71.5,-14.5,-12.8,4.3,-15.2,-3.8,-1.86,
2026-03-31,S&P500,Fortinet,FTNT,0,81.72,3.4,2.9,-2.8,-15.1,-3.8,0.99,
2026-03-31,S&P500,Lennox International,LII,0,464.13,-18.6,-4.4,-12.3,-17.2,-3.9,-2.04,
2026-03-31,S&P500,Assurant,AIZ,0,217.81,-5.1,-9.6,0.6,3.8,-4.0,0.21,
2026-03-31,S&P500,D. R. Horton,DHI,0,137.22,-14.4,-4.7,-19.0,7.9,-4.5,1.8,
2026-03-31,S&P500,Vistra Corp.,VST,0,150.33,-13.5,-6.8,-23.3,28.0,-4.7,0.57,
2026-03-31,S&P500,3M,MMM,0,145.23,-12.2,-9.3,-6.4,-1.1,-4.8,-0.52,
2026-03-31,S&P500,Omnicom Group,OMC,0,75.31,-11.7,-6.7,-7.6,-9.2,-5.2,-0.66,
2026-03-31,S&P500,JPMorgan Chase,JPM,0,294.16,-2.0,-8.7,-6.7,19.9,-5.3,0.15,
2026-03-31,S&P500,Intercontinental Exchange,ICE,0,157.28,-4.2,-2.9,-6.6,-8.8,-5.3,3.62,
2026-03-31,S&P500,MSCI Inc.,MSCI,0,539.01,-5.7,-6.1,-5.0,-4.7,-5.4,1.07,
2026-03-31,S&P500,Mosaic Company (The),MOS,0,25.5,-8.4,5.9,-26.5,-5.6,-5.5,2.63,
2026-03-31,S&P500,Stryker Corporation,SYK,0,328.59,-15.2,-6.5,-11.1,-11.7,-5.5,0.9,
2026-03-31,S&P500,Idexx Laboratories,IDXX,0,561.89,-14.4,-16.9,-12.1,33.8,-5.6,1.36,
2026-03-31,S&P500,American Tower,AMT,0,172.58,-10.0,-1.7,-10.3,-20.7,-5.6,0.67,
2026-03-31,S&P500,Revvity,RVTY,0,87.61,-10.9,-9.4,-0.0,-17.2,-5.6,1.52,
2026-03-31,S&P500,Jacobs Solutions,J,0,127.28,-7.7,-3.9,-15.1,6.3,-5.6,0.58,
2026-03-31,S&P500,Healthpeak Properties,DOC,0,16.43,-7.1,2.2,-14.2,-18.7,-5.6,0.55,
2026-03-31,S&P500,Masco,MAS,0,60.37,-15.7,-4.9,-14.2,-13.2,-5.8,-2.07,
2026-03-31,S&P500,Cigna,CI,0,266.75,-8.0,-3.1,-7.5,-18.9,-6.0,1.23,
2026-03-31,S&P500,T-Mobile US,TMUS,0,210.03,-3.3,3.4,-12.3,-21.3,-6.0,-4.11,
2026-03-31,S&P500,O’Reilly Automotive,ORLY,0,92.31,-1.7,1.2,-14.4,-3.3,-6.1,-0.96,
2026-03-31,S&P500,West Pharmaceutical Services,WST,0,250.64,-1.5,-8.9,-4.5,12.0,-6.2,1.66,
2026-03-31,S&P500,Expedia Group,EXPE,0,230.89,7.0,-18.5,8.0,37.4,-6.8,-2.42,
2026-03-31,S&P500,NXP Semiconductors,NXPI,0,196.86,-13.3,-9.3,-13.6,3.6,-6.9,-1.17,
2026-03-31,S&P500,Everest Group,EG,0,326.85,-2.6,-3.7,-6.7,-10.0,-7.0,0.07,
2026-03-31,S&P500,Netflix,NFLX,0,96.15,-0.1,2.5,-19.8,3.1,-7.2,2.61,
2026-03-31,S&P500,Medtronic,MDT,0,86.65,-11.3,-9.8,-9.0,-3.6,-7.4,-0.02,
2026-03-31,S&P500,"Rollins, Inc.",ROL,0,53.41,-12.3,-11.0,-9.1,-1.1,-7.4,0.97,
2026-03-31,S&P500,Hormel Foods,HRL,0,22.65,-11.5,-4.4,-8.4,-26.8,-7.4,-2.47,
2026-03-31,S&P500,Bank of America,BAC,0,48.75,-2.2,-11.4,-5.5,16.8,-7.4,1.29,
2026-03-31,S&P500,GE HealthCare,GEHC,0,71.18,-15.5,-13.2,-5.2,-11.8,-7.8,-1.17,
2026-03-31,S&P500,Amazon,AMZN,0,208.27,-0.8,-9.8,-5.1,9.5,-8.1,0.72,
2026-03-31,S&P500,Home Depot (The),HD,0,328.89,-13.6,-4.4,-18.8,-10.3,-8.2,-2.21,
2026-03-31,S&P500,"Nasdaq, Inc.",NDAQ,0,84.89,-3.1,-12.6,-4.0,11.9,-8.2,2.07,
2026-03-31,S&P500,ResMed,RMD,0,224.48,-12.4,-6.8,-18.0,0.3,-8.2,-0.17,
2026-03-31,S&P500,AutoZone,AZO,0,3377.78,-10.1,-0.4,-21.3,-11.4,-8.2,0.67,
2026-03-31,S&P500,Huntington Bancshares,HBAN,0,15.65,-6.8,-9.8,-9.4,4.3,-8.3,0.89,
2026-03-31,S&P500,Molson Coors Beverage Company,TAP,0,43.06,-12.1,-7.8,-4.8,-29.3,-8.4,2.28,
2026-03-31,S&P500,Bio-Techne,TECH,0,52.26,-11.4,-11.1,-6.1,-10.9,-8.4,1.66,
2026-03-31,S&P500,CRH plc,CRH,0,105.12,-12.4,-15.8,-12.3,19.5,-8.7,-0.47,
2026-03-31,S&P500,W. R. Berkley Corporation,WRB,0,66.28,-7.6,-5.5,-13.5,-6.9,-8.7,-0.44,
2026-03-31,S&P500,Verisign,VRSN,0,248.36,9.0,2.2,-11.2,-2.2,-8.7,4.63,
2026-03-31,S&P500,NetApp,NTAP,0,102.39,3.4,-4.4,-13.6,16.6,-8.7,0.94,
2026-03-31,S&P500,Allegion,ALLE,0,145.29,-9.8,-8.7,-18.1,11.4,-8.8,-2.91,
2026-03-31,S&P500,Vici Properties,VICI,0,27.32,-9.6,-2.8,-16.2,-16.2,-8.9,1.24,
2026-03-31,S&P500,Thermo Fisher Scientific,TMO,0,491.53,-5.7,-15.2,1.3,-1.2,-8.9,-0.01,
2026-03-31,S&P500,Constellation Energy,CEG,0,279.25,-15.3,-21.0,-15.1,38.5,-9.0,-2.3,
2026-03-31,S&P500,Jack Henry & Associates,JKHY,0,158.04,-2.7,-13.4,6.1,-13.5,-9.0,-0.35,
2026-03-31,S&P500,"Block, Inc.",XYZ,0,60.18,-5.5,-7.5,-16.7,10.8,-9.5,-0.66,
2026-03-31,S&P500,Equity Residential,EQR,0,59.15,-6.4,-6.2,-8.6,-17.4,-9.5,1.89,
2026-03-31,S&P500,"Tesla, Inc.",TSLA,0,371.75,-7.6,-17.3,-16.4,43.4,-9.6,-3.0,
2026-03-31,S&P500,Steris,STE,0,221.13,-12.4,-12.8,-10.6,-2.4,-9.8,-1.09,
2026-03-31,S&P500,United Rentals,URI,0,728.56,-13.3,-10.0,-23.7,16.3,-9.9,0.48,
2026-03-31,S&P500,Synchrony Financial,SYF,0,68.02,-1.6,-18.5,-4.3,28.5,-10.4,0.59,
2026-03-31,S&P500,Intuitive Surgical,ISRG,0,460.99,-8.4,-18.6,3.1,-6.9,-10.5,-1.93,
2026-03-31,S&P500,Aptiv,APTV,0,69.44,-5.6,-8.7,-19.5,16.7,-10.6,-12.17,
2026-03-31,S&P500,Wells Fargo,WFC,0,79.61,-2.3,-14.6,-5.0,10.9,-10.9,1.24,
2026-03-31,S&P500,"UDR, Inc.",UDR,0,33.78,-9.9,-7.9,-9.3,-25.2,-11.1,2.55,
2026-03-31,S&P500,Ameriprise Financial,AMP,0,444.4,-5.5,-9.4,-9.5,-8.2,-11.2,-2.35,
2026-03-31,S&P500,Leidos,LDOS,0,155.52,-11.2,-13.8,-17.7,15.3,-11.2,2.12,
2026-03-31,S&P500,American International Group,AIG,0,75.25,-6.5,-12.0,-4.2,-13.4,-11.2,0.23,
2026-03-31,S&P500,SBA Communications,SBAC,0,172.11,-14.4,-11.0,-11.0,-21.8,-11.4,18.55,
2026-03-31,S&P500,BlackRock,BLK,0,961.71,-9.5,-10.1,-17.5,1.6,-11.8,0.5,
2026-03-31,S&P500,Charter Communications,CHTR,0,215.88,-8.0,3.4,-21.5,-41.4,-12.3,1.81,
2026-03-31,S&P500,"NVR, Inc.",NVR,0,6589.83,-12.3,-9.6,-18.0,-9.0,-12.3,1.11,
2026-03-31,S&P500,Cintas,CTAS,0,169.14,-15.9,-10.1,-17.6,-17.7,-12.4,3.07,
2026-03-31,S&P500,Camden Property Trust,CPT,0,97.66,-9.9,-11.3,-8.5,-20.1,-12.4,3.17,
2026-03-31,S&P500,Raymond James Financial,RJF,0,144.79,-5.4,-9.8,-16.1,4.2,-12.4,-1.79,
2026-03-31,S&P500,Danaher Corporation,DHR,0,189.6,-10.0,-17.2,-4.4,-7.5,-12.4,0.8,
2026-03-31,S&P500,Essex Property Trust,ESS,0,242.0,-5.1,-7.5,-9.6,-21.1,-12.5,2.21,
2026-03-31,S&P500,Palantir Technologies,PLTR,0,146.28,6.6,-17.7,-19.8,73.3,-12.7,1.49,
2026-03-31,S&P500,Moody's Corporation,MCO,0,436.25,-8.7,-14.6,-8.4,-6.3,-12.8,1.04,
2026-03-31,S&P500,Norwegian Cruise Line Holdings,NCLH,0,18.7,-24.6,-16.2,-24.1,-1.4,-13.0,1.23,
2026-03-31,S&P500,Kraft Heinz,KHC,0,22.49,-8.6,-7.3,-13.6,-26.1,-13.5,1.33,
2026-03-31,S&P500,Aon plc,AON,0,322.78,-3.8,-8.5,-9.5,-19.1,-13.5,0.11,
2026-03-31,S&P500,Conagra Brands,CAG,0,15.72,-18.3,-9.2,-14.1,-41.1,-13.5,0.0,
2026-03-31,S&P500,Cadence Design Systems,CDNS,0,277.87,-7.8,-11.1,-20.9,9.3,-13.6,0.31,
2026-03-31,S&P500,T. Rowe Price,TROW,0,90.14,-4.7,-12.0,-12.2,-1.9,-13.7,0.03,
2026-03-31,S&P500,First Solar,FSLR,0,197.26,0.0,-24.5,-10.6,56.0,-13.7,-0.98,
2026-03-31,S&P500,Otis Worldwide,OTIS,0,77.08,-16.7,-11.8,-15.7,-25.3,-14.0,1.01,
2026-03-31,S&P500,TransDigm Group,TDG,0,1158.96,-11.0,-12.9,-12.1,-16.2,-14.0,0.69,
2026-03-31,S&P500,Marsh McLennan,MRSH,0,173.45,-7.1,-6.5,-13.9,-28.9,-14.4,0.67,
2026-03-31,S&P500,Kimberly-Clark,KMB,0,96.47,-13.4,-4.4,-22.4,-32.2,-14.4,-0.35,
2026-03-31,S&P500,Crown Castle,CCI,0,81.31,-9.2,-8.5,-15.7,-22.0,-14.5,4.27,
2026-03-31,S&P500,CBRE Group,CBRE,0,135.46,-8.3,-15.8,-14.0,3.6,-14.8,0.84,
2026-03-31,S&P500,Veralto,VLTO,0,88.42,-9.2,-11.4,-17.1,-9.3,-14.9,-0.46,
2026-03-31,S&P500,Universal Health Services,UHS,0,178.97,-13.2,-17.9,-12.5,-4.8,-14.9,-1.27,
2026-03-31,S&P500,Tractor Supply,TSCO,0,45.3,-12.6,-9.4,-20.3,-17.8,-15.0,-3.27,
2026-03-31,S&P500,Zoetis,ZTS,0,118.21,-9.8,-6.0,-19.2,-28.2,-15.2,-0.23,
2026-03-31,S&P500,Best Buy,BBY,0,64.2,3.6,-4.1,-15.1,-12.8,-15.2,0.47,
2026-03-31,S&P500,Xylem Inc.,XYL,0,119.5,-7.8,-12.2,-19.0,0.0,-15.4,1.47,
2026-03-31,S&P500,Estée Lauder Companies (The),EL,0,71.77,-34.4,-31.5,-18.6,8.7,-15.5,-3.69,
2026-03-31,S&P500,Wynn Resorts,WYNN,0,101.55,-6.1,-15.6,-20.8,21.6,-15.5,0.47,
2026-03-31,S&P500,American Express,AXP,0,302.48,-2.1,-18.2,-8.9,12.4,-15.5,-0.76,
2026-03-31,S&P500,Carvana,CVNA,0,314.38,-5.9,-25.5,-16.7,50.4,-15.7,-0.15,
2026-03-31,S&P500,Prudential Financial,PRU,0,97.69,-0.7,-13.5,-5.8,-12.5,-15.8,-0.11,
2026-03-31,S&P500,Meta Platforms,META,0,572.13,-11.7,-13.3,-22.1,-0.7,-16.0,0.41,
2026-03-31,S&P500,Agilent Technologies,A,0,113.98,-6.1,-16.2,-11.2,-2.6,-16.1,1.32,
2026-03-31,S&P500,Walt Disney Company (The),DIS,0,96.38,-9.1,-15.3,-15.8,-2.4,-16.1,0.24,
2026-03-31,S&P500,News Corp (Class A),NWSA,0,24.93,2.6,-4.6,-18.8,-8.4,-16.1,-2.13,
2026-03-31,S&P500,Mastercard,MA,0,499.66,-3.4,-12.5,-12.2,-8.8,-16.1,-1.24,
2026-03-31,S&P500,News Corp (Class B),NWS,0,28.51,6.5,-3.8,-17.5,-6.1,-16.2,-1.4,
2026-03-31,S&P500,Centene Corporation,CNC,0,32.74,-27.0,-20.4,-8.2,-46.1,-16.2,7.24,
2026-03-31,S&P500,Solventum,SOLV,0,65.3,-12.0,-17.6,-10.5,-14.1,-16.2,-2.65,
2026-03-31,S&P500,AvalonBay Communities,AVB,0,163.35,-7.8,-9.9,-15.4,-23.9,-16.5,1.63,
2026-03-31,S&P500,International Paper,IP,0,35.7,-18.0,-9.4,-23.1,-33.1,-16.6,-2.55,
2026-03-31,S&P500,Visa Inc.,V,0,302.24,-5.6,-13.8,-11.5,-13.8,-16.7,-0.48,
2026-03-31,S&P500,MetLife,MET,0,70.72,-1.9,-10.4,-14.1,-11.9,-16.8,0.0,
2026-03-31,S&P500,Mid-America Apartment Communities,MAA,0,122.12,-8.8,-12.1,-12.6,-27.1,-17.0,2.26,
2026-03-31,S&P500,Willis Towers Watson,WTW,0,290.7,-4.7,-11.5,-15.8,-14.0,-17.6,-0.71,
2026-03-31,S&P500,Pentair,PNR,0,87.11,-12.2,-16.4,-21.4,-0.4,-17.8,-1.48,
2026-03-31,S&P500,Datadog,DDOG,0,118.05,5.4,-13.2,-17.1,19.0,-18.0,1.96,
2026-03-31,S&P500,Waters Corporation,WAT,0,297.8,-6.8,-21.6,-0.7,-19.2,-18.1,2.16,
2026-03-31,S&P500,Domino's,DPZ,0,358.79,-10.9,-13.9,-16.9,-21.9,-18.5,3.35,
2026-03-31,S&P500,Invitation Homes,INVH,0,24.85,-5.7,-10.6,-15.3,-28.7,-19.0,2.82,
2026-03-31,S&P500,Fox Corporation (Class B),FOX,0,53.1,2.6,-18.2,-7.3,0.7,-19.4,-0.43,
2026-03-31,S&P500,Genuine Parts Company,GPC,0,105.75,-11.3,-14.0,-23.7,-11.2,-19.6,-2.16,
2026-03-31,S&P500,Elevance Health,ELV,0,292.75,-8.5,-16.5,-9.4,-32.7,-20.2,2.73,
2026-03-31,S&P500,Global Payments,GPN,0,67.3,-12.0,-13.0,-19.0,-31.3,-20.2,-4.83,
2026-03-31,S&P500,Chipotle Mexican Grill,CMG,0,32.01,-14.0,-13.5,-18.3,-36.2,-20.2,3.59,
2026-03-31,S&P500,Uber,UBER,0,71.93,-4.6,-12.0,-26.6,-1.3,-20.8,-0.13,
2026-03-31,S&P500,Lennar,LEN,0,86.84,-24.1,-15.5,-31.1,-24.3,-20.8,-0.4,
2026-03-31,S&P500,Fox Corporation (Class A),FOXA,0,58.4,3.7,-20.1,-7.4,3.2,-20.9,0.38,
2026-03-31,S&P500,"Nike, Inc.",NKE,0,52.82,-15.1,-17.1,-24.3,-16.8,-21.6,-16.34,
2026-03-31,S&P500,Synopsys,SNPS,0,396.48,-4.2,-15.6,-19.6,-7.5,-21.7,-0.13,
2026-03-31,S&P500,Trimble Inc.,TRMB,0,65.23,-2.5,-16.7,-20.1,-0.6,-22.4,-0.17,
2026-03-31,S&P500,IBM,IBM,0,242.39,0.9,-18.2,-14.1,-2.5,-22.5,2.38,
2026-03-31,S&P500,S&P Global,SPGI,0,425.34,-3.7,-18.6,-12.6,-16.3,-22.6,1.37,
2026-03-31,S&P500,Progressive Corporation,PGR,0,198.24,-7.2,-12.9,-19.7,-30.0,-22.6,-1.51,
2026-03-31,S&P500,IQVIA,IQV,0,170.54,-4.6,-24.3,-10.2,-3.3,-22.9,1.59,
2026-03-31,S&P500,Capital One,COF,0,182.43,-6.8,-24.7,-14.2,1.7,-23.1,-0.28,
2026-03-31,S&P500,CrowdStrike,CRWD,0,390.41,5.0,-16.7,-20.4,10.7,-23.9,2.23,
2026-03-31,S&P500,Baxter International,BAX,0,16.8,-17.5,-12.1,-26.2,-50.9,-24.2,-0.71,
2026-03-31,S&P500,Abbott Laboratories,ABT,0,102.67,-11.8,-18.1,-23.3,-22.6,-24.8,0.19,
2026-03-31,S&P500,Erie Indemnity,ERIE,0,251.31,-6.7,-12.3,-21.0,-40.0,-25.0,-0.72,
2026-03-31,S&P500,CDW Corporation,CDW,0,121.02,-1.3,-11.1,-24.0,-24.5,-25.2,0.82,
2026-03-31,S&P500,Palo Alto Networks,PANW,0,160.32,7.7,-13.0,-21.3,-6.0,-26.0,1.8,
2026-03-31,S&P500,Skyworks Solutions,SWKS,0,53.55,-10.1,-15.5,-30.4,-17.1,-26.0,3.06,
2026-03-31,S&P500,McCormick & Company,MKC,0,50.44,-29.0,-25.9,-24.6,-38.7,-26.3,-3.15,
2026-03-31,S&P500,PTC Inc.,PTC,0,142.49,-9.0,-18.2,-29.8,-8.0,-26.6,0.11,
2026-03-31,S&P500,Cognizant,CTSH,0,61.35,-4.8,-26.1,-8.5,-19.8,-26.7,1.94,
2026-03-31,S&P500,Equifax,EFX,0,180.07,-13.8,-17.0,-29.8,-26.1,-26.8,1.29,
2026-03-31,S&P500,Copart,CPRT,0,33.2,-12.8,-15.2,-26.2,-41.3,-27.1,0.6,
2026-03-31,S&P500,Verisk Analytics,VRSK,0,189.75,-8.6,-15.2,-24.6,-36.2,-27.4,-2.46,
2026-03-31,S&P500,Take-Two Interactive,TTWO,0,197.5,-6.6,-22.9,-23.6,-4.7,-27.7,1.2,
2026-03-31,S&P500,General Mills,GIS,0,37.22,-17.7,-20.0,-26.2,-37.7,-27.8,0.54,
2026-03-31,S&P500,Zebra Technologies,ZBRA,0,209.08,-6.6,-13.9,-29.6,-26.0,-27.8,-2.98,
2026-03-31,S&P500,Autodesk,ADSK,0,239.4,-2.6,-19.1,-24.6,-8.6,-28.0,-0.55,
2026-03-31,S&P500,Builders FirstSource,BLDR,0,82.33,-21.1,-20.0,-32.1,-34.1,-28.3,-3.9,
2026-03-31,S&P500,Pool Corporation,POOL,0,202.33,-10.9,-11.5,-34.7,-36.4,-28.4,0.3,
2026-03-31,S&P500,Lululemon Athletica,LULU,0,153.1,-17.3,-26.3,-14.0,-45.9,-28.6,1.71,
2026-03-31,S&P500,Alexandria Real Estate Equities,ARE,0,46.42,-14.1,-5.1,-44.3,-49.8,-29.2,-6.87,
2026-03-31,S&P500,Booking Holdings,BKNG,0,4210.32,-0.7,-21.4,-22.0,-8.6,-29.5,-0.38,
2026-03-31,S&P500,Qualcomm,QCOM,0,128.78,-9.5,-24.7,-22.6,-16.2,-29.5,-1.54,
2026-03-31,S&P500,Microsoft,MSFT,0,370.17,-5.7,-23.5,-28.5,-1.4,-30.4,0.89,
2026-03-31,S&P500,Campbell's Company (The),CPB,0,22.27,-17.4,-20.1,-29.5,-44.2,-31.0,-1.17,
2026-03-31,S&P500,UnitedHealth Group,UNH,0,270.59,-7.7,-18.0,-21.6,-48.3,-31.0,2.46,
2026-03-31,S&P500,HP Inc.,HPQ,0,19.21,1.2,-13.8,-29.5,-30.6,-32.5,1.56,
2026-03-31,S&P500,Arthur J. Gallagher & Co.,AJG,0,216.58,-5.1,-16.3,-30.1,-37.3,-33.0,0.48,
2026-03-31,S&P500,"BXP, Inc.",BXP,0,51.9,-9.9,-23.1,-30.2,-22.8,-33.2,-0.23,
2026-03-31,S&P500,Insulet Corporation,PODD,0,209.84,-14.9,-26.2,-32.0,-20.1,-33.5,-2.64,
2026-03-31,S&P500,Apollo Global Management,APO,0,111.42,6.5,-23.0,-16.4,-18.6,-33.6,-3.93,
2026-03-31,S&P500,Axon Enterprise,AXON,0,424.69,-21.7,-25.2,-40.8,-19.3,-33.6,-2.8,
2026-03-31,S&P500,EPAM Systems,EPAM,0,135.4,-4.0,-33.9,-10.2,-19.8,-34.2,1.91,
2026-03-31,S&P500,Brown & Brown,BRO,0,65.21,-9.2,-18.2,-30.5,-47.6,-34.7,1.13,
2026-03-31,S&P500,Paychex,PAYX,0,92.12,-1.6,-17.9,-27.3,-40.3,-35.2,-0.46,
2026-03-31,S&P500,Accenture,ACN,0,198.29,-5.0,-26.1,-19.6,-36.5,-35.5,1.53,
2026-03-31,S&P500,Supermicro,SMCI,0,22.77,-29.7,-22.2,-52.5,-33.5,-35.9,1.98,
2026-03-31,S&P500,Automatic Data Processing,ADP,0,203.18,-5.2,-21.0,-30.8,-33.5,-36.3,0.41,
2026-03-31,S&P500,Broadridge Financial Solutions,BR,0,162.48,-12.6,-27.2,-31.8,-33.0,-38.0,-0.95,
2026-03-31,S&P500,Salesforce,CRM,0,186.67,-4.2,-29.5,-21.2,-30.4,-38.2,0.27,
2026-03-31,S&P500,Gen Digital,GEN,0,18.83,-16.6,-30.7,-33.7,-29.1,-39.0,0.32,
2026-03-31,S&P500,Robinhood Markets,HOOD,0,69.3,-8.6,-38.7,-51.6,66.5,-39.2,-0.58,
2026-03-31,S&P500,PayPal,PYPL,0,45.23,-2.1,-22.5,-32.6,-30.7,-39.4,0.24,
2026-03-31,S&P500,Roper Technologies,ROP,0,353.86,1.2,-20.5,-29.0,-40.0,-39.5,1.14,
2026-03-31,S&P500,Fair Isaac,FICO,0,1067.54,-24.3,-36.9,-28.7,-42.1,-40.1,2.08,
2026-03-31,S&P500,Paramount Skydance Corporation,PSKY,0,9.02,-33.2,-32.7,-52.3,-24.6,-40.6,5.54,
2026-03-31,S&P500,AppLovin,APP,0,398.0,-8.5,-40.9,-44.6,50.2,-40.8,-2.92,
2026-03-31,S&P500,Blackstone Inc.,BX,0,114.99,1.4,-25.4,-32.7,-17.7,-40.9,-1.69,
2026-03-31,S&P500,Fidelity National Information Services,FIS,0,46.91,-7.9,-29.4,-28.9,-37.2,-41.4,-1.32,
2026-03-31,S&P500,Coinbase,COIN,0,174.61,-0.7,-22.8,-48.3,1.4,-41.7,-1.8,
2026-03-31,S&P500,FactSet,FDS,0,216.99,0.1,-25.2,-24.3,-52.3,-42.8,4.93,
2026-03-31,S&P500,Oracle Corporation,ORCL,0,147.11,1.2,-24.5,-47.7,5.2,-43.0,-0.5,
2026-03-31,S&P500,KKR & Co.,KKR,0,92.5,5.5,-27.4,-28.8,-20.0,-43.1,-1.37,
2026-03-31,S&P500,Tyler Technologies,TYL,0,342.38,-3.5,-24.6,-34.6,-41.1,-43.4,-1.27,
2026-03-31,S&P500,Boston Scientific,BSX,0,62.75,-18.3,-34.2,-35.7,-37.8,-43.6,0.11,
2026-03-31,S&P500,Adobe Inc.,ADBE,0,243.08,-7.4,-30.5,-31.1,-36.6,-43.6,-0.07,
2026-03-31,S&P500,Humana,HUM,0,173.39,-9.0,-32.3,-33.4,-34.5,-44.9,2.56,
2026-03-31,S&P500,DoorDash,DASH,0,150.15,-14.9,-33.7,-44.8,-17.8,-45.5,4.2,
2026-03-31,S&P500,Ares Management,ARES,0,109.1,-2.6,-32.5,-31.8,-25.6,-45.7,-6.11,
2026-03-31,S&P500,Fiserv,FISV,0,55.8,-10.4,-16.9,-56.7,-74.7,-51.6,0.65,
2026-03-31,S&P500,ServiceNow,NOW,0,104.55,-3.2,-31.8,-43.2,-34.3,-52.3,-2.44,
2026-03-31,S&P500,GoDaddy,GDDY,0,82.67,-5.2,-33.4,-39.6,-54.1,-54.7,-1.21,
2026-03-31,S&P500,Intuit,INTU,0,432.38,5.7,-34.7,-36.7,-29.6,-54.9,-2.29,
2026-03-31,S&P500,"Workday, Inc.",WDAY,0,129.92,-2.9,-39.5,-46.0,-44.4,-62.1,1.8,
2026-03-31,S&P500,Gartner,IT,0,158.34,0.7,-37.2,-39.8,-62.3,-62.5,-0.31,
2026-03-31,S&P500,CoStar Group,CSGP,0,40.34,-9.6,-40.0,-52.2,-49.1,-63.1,-0.97,
2026-03-31,S&P500,Trade Desk (The),TTD,0,22.69,-4.7,-40.2,-53.7,-58.5,-68.4,-2.82,
